Pricing (With Negative Error),Batch Code,Consultant Name,Storage Code,Storage ID,Last Milestone,Milestone_01,Milestone_02,Milestone_03,Milestone_04,Milestone_05,Milestone_06,Milestone_07,Milestone_08,Milestone_09,Milestone_10,Milestone_11,Milestone_12,Milestone_13,Milestone_14,Milestone_15,Milestone_16,Milestone_17,Milestone_18,Tracking Distance,Score Low Limit,Score High Limit,Score Average Limit,Total Cost of Removal,Customer Post Code,State 1,State 2,Regional Group,Country,Case Create Year,Case Create Month,Case Create Day,Request Category,Package Typee,Package Code,Customer Outcome,Status.
,XXX773159XXX,  Michael  ,GE-L-181,YQ.5005.AAI,5,8/06/2013,22/08/2013,24/06/2021,8/08/2021,9/08/2021,,,,,,,,,,,,,,,,,,,3550,VIC,Victoria,Southern,Australia,2015,1,19,Medium Priority,Long Block,G0R445,Incomplete Resolution,Complete
,XXX652172XXX,  Janice  ,GE-L-181,YQ.5005.AAI,4,20/08/2008,31/10/2019,11/11/2019,28/11/2019,,,,,,,,,,,,,,,,,,,,6728,WA,Western Australia,Western,Australia,2008,7,15,Special Inquiry,Long Block,G0R445,Incomplete Resolution,Complete
-34315.84386,XXX2545795XXX,  Manar  ,GF-L-676,HQ.5005.AAU,15,4/12/2003,11/12/2004,18/01/2007,1/12/2007,18/11/2009,29/12/2009,2/02/2014,29/03/2014,23/12/2014,16/02/2015,22/10/2015,23/01/2024,20/02/2027,25/11/2029,8/12/2029,,,,57180.82,35524.01,38536.66,37030.34,39373.07,3049,VIC,Victoria,Southern,Australia,2025,9,13,High Priority Level 2,Double Size,G6R220,Product Returned with Additional Contrib,Complete
,XXX1375919XXX,  JERRY  ,GT-L-19,HQ.5005.AAU,,,,,,,,,,,,,,,,,,,,,,,,,2227,NSW,New South Wales,Eastern,Australia,2028,7,12,High Priority Level 2,Long Block,G0R286,,Complete
,XXX7584390XXX,  Mike  ,GF-L-676,Q3.5005.AAI,5,25/03/2017,14/03/2018,16/03/2018,1/02/2025,9/12/2030,,,,,,,,,,,,,,,,,,,4121,QLD,Queensland,Northern,Australia,2027,10,14,High Priority Level 2,Double Size (Limited),G6R220,Incomplete Resolution,Complete
,XXX12146XXX,  Mike  ,GF-L-68,HQ.5005.AAW,5,22/05/2005,21/06/2005,21/06/2005,21/02/2019,26/04/2025,,,,,,,,,,,,,,,,,,,4053,QLD,Queensland,Northern,Australia,2030,1,12,High Priority Level 2,Long Block,G6R996,Icomplete Resolution,Complete
,XXX7327289XXX,  Mike  ,GF-L-68,HQ.5005.AAW,3,10/04/2015,2/05/2017,3/06/2024,,,,,,,,,,,,,,,,,,,,,,,,,Australia,2018,1,16,Standard Inquiry,Long Block,G6R996,Incomplete Resolution,Complete
-26255.75952,XXX6074640XXX,  Ross  ,GF-L-676,HQ.5005.AAU,11,3/06/2004,22/03/2008,16/02/2011,13/12/2011,14/02/2012,22/04/2013,11/04/2019,24/01/2020,28/01/2020,20/12/2024,23/01/2025,,,,,,,,111177.3,35326.04,39222.42,37274.23,39559.03,2190,NSW,New South Wales,Eastern,Australia,2016,9,11,High Priority Level 1,Double Size,G6R220,Product Returned with Additional Contribution,Complete
,XXX4668970XXX,  Rachael  ,GF-L-676,HQ.5005.AAI,5,15/09/2013,25/10/2013,15/11/2013,12/08/2027,22/10/2028,,,,,,,,,,,,,,,,,,,,,,,Australia,2008,6,16,Low Level Inquiry,Double Size,G6R220,Icomplete Resolution,Complete
,XXX5702181XXX,  Rachael  ,GE-L-181,YQ.5005.AAI,5,28/10/2016,31/10/2016,23/11/2016,2/12/2016,14/11/2018,,,,,,,,,,,,,,,,,,,6155,WA,Western Australia,Western,Australia,2008,6,16,Low Level Inquiry,Long Block,G0R445,Icomplete Resolution,Complete
,XXX6003151XXX,  OLIVIA  ,GE-L-181,YQ.5005.AAI,5,18/03/2002,15/01/2005,22/02/2005,10/03/2005,23/02/2031,,,,,,,,,,,,,,,,,,,6071,WA,Western Australia,Western,Australia,2010,11,11,High Priority Level 2,Long Block,G0R445,Incomplete Resolution,Complete
,XXX7519304XXX,  Rachael  ,GE-L-181,YQ.5005.AAI,5,20/04/2005,22/05/2005,25/04/2011,23/03/2015,18/05/2015,,,,,,,,,,,,,,,,,,,4118,QLD,Queensland,Northern,Australia,2008,6,15,Low Level Inquiry,Long Block,G0R445,Incomplete Resolution,Complete
,XXX2183350XXX,  Michael  ,GF-L-676,HQ.5005.AAA,5,16/07/2012,1/09/2012,11/08/2018,2/06/2027,23/06/2027,,,,,,,,,,,,,,,,,,,2456,NSW,New South Wales,Eastern,Australia,2015,1,14,Medium Priority,Double Size,G6R220,Incomplete Resolution,Complete
3775.78276,XXX5520218XXX,  Mike  ,AZ-R-8,BQ.5005.AAO,13,27/03/2006,26/05/2006,30/08/2006,17/09/2006,22/03/2010,27/04/2010,5/05/2011,17/08/2013,24/07/2015,4/08/2015,3/02/2017,10/03/2018,31/03/2028,,,,,,,,,,,,,,,Australia,2021,1,11,Short Term,5 Door Adjusted,A2R639,Product Replaced Like-for-Like,Complete
350.2039731,XXX2810519XXX,  Sala  ,MY-L-12,BQ.5005.AAO,13,10/09/2001,8/11/2001,10/08/2007,21/08/2008,22/07/2010,11/09/2013,19/10/2020,17/09/2021,20/09/2022,21/09/2024,4/08/2026,25/05/2028,22/09/2028,,,,,,,,,,,,,,,Australia,2010,6,13,Standard Inquiry,5 Door Adjusted,M2R736,Product Replaced Like-for-Like,Complete
-37133.04016,XXX8926523XXX,  Michael  ,GE-L-181,YQ.5005.AAI,15,31/12/2001,4/01/2002,22/06/2007,21/07/2010,15/02/2011,23/07/2011,7/06/2014,27/01/2016,21/07/2017,20/02/2022,11/02/2023,31/05/2023,29/03/2025,10/12/2030,5/01/2031,,,,,,,,,,,,,Australia,2013,11,19,Short Term,Long Block,G0R445,Productt Replaced Like-for-Like with Additional Contribution,Complete
-19329.32345,XXX3836140XXX,  Manar  ,GF-L-676,HQ.5005.AAM,13,2/06/2002,22/06/2003,11/04/2004,21/08/2007,26/08/2011,12/06/2015,2/05/2016,25/11/2024,29/04/2027,3/04/2028,11/05/2029,8/07/2029,3/10/2031,,,,,,33578.1,31005.36,34463.76,32734.56,34531.15,6020,WA,Western Australia,Western,Australia,2006,1,15,High Priority Level 2,Extra,G6R220,Product Returned with Additional Contrib,Complete
,XXX1171050XXX,  Anker  ,GE-L-181,YQ.5005.AAI,,,,,,,,,,,,,,,,,,,,,,,,,,,,,Australia,2007,8,17,Standard Inquiry,Long Block,G0R445,,In Progress
,XXX5041102XXX,  OLIVIA  ,GF-L-676,HQ.5005.AAU,5,13/01/2015,2/02/2017,5/01/2019,10/01/2023,27/02/2023,,,,,,,,,,,,,,,,,,,2217,NSW,New South Wales,Eastern,Australia,2013,11,16,High Priority Level 2,Double Size,G6R220,Incomplete Resolution,Complete
,XXX6872475XXX,  Michael  ,GF-L-676,HQ.5005.AAU,5,25/03/2004,21/12/2014,15/01/2016,6/02/2016,24/12/2027,,,,,,,,,,,,,,,,,,,2153,NSW,New South Wales,Eastern,Australia,2012,11,15,High Priority Level 2,Double Size,G6R220,Incomplete Resolution,Complete
,XXX251067XXX,  Elaine  ,GF-L-676,Q3.5005.AAA,,,,,,,,,,,,,,,,,,,,,,,,,,,,,Australia,2009,6,18,Standard Inquiry,Double Size (Limited),G6R220,,Complete
,XXX1581392XXX,  Regina  ,GE-L-181,YQ.5005.AAM,4,24/09/2002,22/10/2002,18/11/2002,22/07/2010,,,,,,,,,,,,,,,,,,,,2913,ACT,Australian Capital Territory,Eastern,Australia,2005,7,20,Special Inquiry,Long Block,G0R445,Incomplete Resolution,Complete
905.117909,XXX3620647XXX,  Regina  ,GF-L-70,YQ.5005.AAS,11,28/10/2002,18/11/2003,7/11/2004,7/11/2004,13/01/2010,29/09/2010,29/09/2023,10/11/2023,10/11/2029,25/09/2030,11/11/2030,,,,,,,,136492.5,19860.29,22183.6,21021.94,22764.74,3977,VIC,Victoria,Southern,Australia,2008,7,19,Special Inquiry,Double Size,G2R308,Product Replaced Like-for-Likee,Complete
,XXX5752095XXX,  Mike  ,GF-L-676,HQ.5005.AAU,5,27/08/2009,31/07/2013,4/08/2016,5/09/2016,18/08/2018,,,,,,,,,,,,,,,,,,,6171,WA,Western Australia,Western,Australia,2030,3,17,High Priority Level 2,Double Size,G6R220,Incomplete Resolution,Complete
1986.677917,XXX1332403XXX,  Janice  ,GF-L-70,Q3.5005.AAM,12,13/11/2010,1/10/2011,18/10/2011,12/11/2012,25/03/2018,10/04/2018,12/05/2018,28/08/2026,16/11/2026,26/09/2028,8/07/2030,27/10/2030,,,,,,,,,,,,4034,QLD,Queensland,Northern,Australia,2027,7,13,High Priority Level 2,Single (Backed),G2R308,Product Replaced Like-for-Like with Additional Contribution,In Progress
,XXX7761576XXX,  Michael  ,GF-L-676,HQ.5005.AAU,5,12/05/2013,19/04/2018,26/04/2018,22/03/2021,23/03/2021,,,,,,,,,,,,,,,,,,,2132,NSW,New South Wales,Eastern,Australia,2017,12,13,High Priority Level 2,Double Size,G6R220,Incomplete Resolution,Complete
10207.23632,XXX6176132XXX,  Regina  ,GF-L-70,Q3.5005.AAM,13,5/12/2002,16/12/2002,24/12/2010,26/11/2011,7/11/2012,15/12/2013,7/12/2017,2/10/2018,31/10/2019,28/11/2020,6/12/2020,1/01/2026,22/01/2026,,,,,,41327.3,16032.94,18011.72,17022.33,18132.79,2216,NSW,New South Wales,Eastern,Australia,2007,8,19,High Priority Level 2,Single (Backed),G2R308,Product Returned,Complete
,XXX3416131XXX,  David  ,GE-L-181,YQ.5005.AAI,4,4/11/2018,9/12/2018,21/01/2019,29/11/2030,,,,,,,,,,,,,,,,,,,,2603,ACT,Australian Capital Territory,Eastern,Australia,2012,9,20,High Priority Level 1,Long Block,G0R445,Incomplete Resolution,Complete
13837.45584,XXX5853046XXX,  Sala  ,GF-L-676,XQ.5005.AAY,11,8/05/2001,3/03/2002,3/07/2008,15/04/2009,24/04/2009,9/05/2018,28/04/2021,6/04/2022,31/05/2023,21/06/2027,17/02/2028,,,,,,,,,,,,,4224,QLD,Queensland,Northern,Australia,2018,12,20,Short Term,Double Size,G6R220,Product Replaced Like-for-Like with Additional Contribution,In Progress
,XXX1989512XXX,  Rachael  ,NL-L-19,XQ.5005.AAU,3,26/10/2001,23/08/2008,26/09/2010,,,,,,,,,,,,,,,,,,,,,2338,NSW,New South Wales,Eastern,Australia,2018,5,20,Standard Inquiry,Long Block,N0R217,Incomplete Resolution,Complete
6937.813278,XXX6161996XXX,  Christina  ,GF-L-676,Q3.5005.AAA,16,23/11/2004,21/12/2004,3/01/2005,18/01/2005,17/03/2007,10/02/2017,13/03/2017,7/03/2022,22/03/2022,10/04/2022,24/04/2022,8/11/2029,10/11/2029,2/03/2031,30/03/2031,30/12/2031,,,129244.4,29581.08,31612.46,30596.77,32564.63,3939,VIC,Victoria,Southern,Australia,2010,10,17,High Priority Level 2,Double Size (Limited),G6R220,Product Replaced Like-for-Like with Additional Contribution,Complete
-37837.50233,XXX1270403XXX,  Janice  ,GF-L-676,HQ.5005.AAU,12,26/11/2002,25/10/2010,23/10/2016,23/11/2017,21/11/2019,28/07/2026,20/08/2026,25/10/2026,23/11/2026,11/09/2027,23/08/2028,24/10/2029,,,,,,,91750.94,35265.61,38587.77,36926.69,38991.86,2198,NSW,New South Wales,Eastern,Australia,2008,7,13,Special Inquiry,Double Size,G6R220,Product Returned with Additional Contribution,Complete
,XXX2922259XXX,  CALVIN  ,NU-L-1,BQ.5005.AAI,3,22/07/2005,3/05/2016,10/04/2030,,,,,,,,,,,,,,,,,,,,,,,,,Australia,2002,3,19,Standard Inquiry,5 Door Structure,N0R289,Incomplete Resolution,Complete
,XXX4839940XXX,  Rachael  ,AK-R-3,YW.5000.AAE,1,8/09/2014,,,,,,,,,,,,,,,,,,,,,,,,,,,Australia,2007,5,14,Standard Inquiry,5 Door Adjusted,A9R262,,Complete
,XXX5828918XXX,  Rachael  ,KK-L-1,YQ.5005.AAO,5,9/09/2003,11/09/2003,14/10/2003,31/10/2003,7/11/2003,,,,,,,,,,,,,,,,,,,,,,,Australia,2008,6,15,Low Level Inquiry,Double Size,K6R282,Icomplete Resolution,Complete
,XXX4161224XXX,  Michael  ,GF-L-676,HQ.5005.AAU,5,10/05/2008,21/07/2008,8/04/2025,11/06/2031,22/06/2031,,,,,,,,,,,,,,,,,,,3072,VIC,Victoria,Southern,Australia,2025,1,14,High Priority Level 2,Double Size,G6R220,Incomplete Resolution,Complete
-1010.932379,XXX3350783XXX,  Janice  ,GF-L-676,HQ.5005.AAA,17,17/06/2003,1/01/2006,19/01/2006,14/02/2006,18/02/2006,19/02/2006,21/03/2006,27/03/2006,7/02/2007,12/07/2007,21/02/2009,27/12/2013,6/03/2014,3/08/2015,13/09/2015,28/04/2019,10/05/2030,,67533.74,29311.88,31457.61,30384.74,32326.76,4127,QLD,Queensland,Northern,Australia,2023,12,19,High Priority Level 2,Double Size,G6R220,Productt Replaced Like-for-Like with Additional Contribution,Complete
,XXX946362XXX,  Rachael  ,GF-L-676,HQ.5005.AAU,5,20/09/2005,20/11/2010,3/09/2017,4/09/2017,23/09/2017,,,,,,,,,,,,,,,,,,,3038,VIC,Victoria,Southern,Australia,2008,6,18,Low Level Inquiry,Double Size,G6R220,Incomplete Resolution,Complete
,XXX320429XXX,  Rachael  ,GF-L-676,HQ.5005.AAI,5,14/04/2009,18/05/2009,22/03/2015,6/05/2015,9/05/2015,,,,,,,,,,,,,,,,,,,2620,NSW,New South Wales,Eastern,Australia,2009,6,17,Low Level Inquiry,Double Size,G6R220,Incomplete Resolution,Complete
,XXX2938902XXX,  Michael  ,GF-L-676,HQ.5005.AAI,5,23/12/2005,4/11/2006,5/01/2007,21/11/2030,2/12/2030,,,,,,,,,,,,,,,,,,,3910,VIC,Victoria,Southern,Australia,2031,8,18,High Priority Level 2,Double Size,G6R220,Incomplete Resolution,Complete
,XXX2010815XXX,  Christopher  ,GF-L-676,HQ.5005.AAU,5,7/10/2010,16/10/2013,6/11/2016,1/11/2017,11/11/2017,,,,,,,,,,,,,,,,,,,4218,QLD,Queensland,Northern,Australia,2027,6,19,High Priority Level 2,Double Size,G6R220,Incomplete Resolution,Complete
25711.63003,XXX7354403XXX,  JERRY  ,GT-L-19,HQ.5005.AAU,13,21/05/2005,20/07/2006,24/05/2007,18/07/2007,21/05/2013,2/06/2013,19/04/2017,16/05/2018,12/05/2019,21/05/2019,22/02/2024,25/03/2024,12/04/2024,,,,,,,,,,,6224,WA,Western Australia,Western,Australia,2019,2,13,Standard Inquiry,Long Block,G0R286,Product Replaced Like-for-Like,Complete
,XXX5774455XXX,  Kevin,GF-L-70,Q3.5005.AAM,5,6/11/2017,21/11/2017,9/12/2017,8/11/2027,25/11/2027,,,,,,,,,,,,,,,,,,,3058,VIC,Victoria,Southern,Australia,2002,8,16,High Priority Level 2,Single (Backed),G2R308,Incomplete Resolution,Complete
,XXX7149678XXX,  Michael  ,GF-L-676,HQ.5005.AAA,5,17/07/2011,18/08/2011,21/09/2011,24/07/2029,10/08/2029,,,,,,,,,,,,,,,,,,,6030,WA,Western Australia,Western,Australia,2015,1,13,Medium Priority,Double Size,G6R220,Incomplete Resolution,Complete
,XXX5261497XXX,  OLIVIA  ,GE-L-181,YQ.5005.AAI,5,9/02/2003,4/12/2004,6/12/2004,12/11/2019,31/10/2026,,,,,,,,,,,,,,,,,,,3029,VIC,Victoria,Southern,Australia,2024,9,11,High Priority Level 2,Long Block,G0R445,Incomplete Resolution,Complete
-42536.96131,XXX2997911XXX,  Danielle  ,GF-L-676,HQ.5005.AAU,16,28/02/2001,8/09/2008,22/08/2009,7/03/2011,24/10/2011,4/10/2012,7/08/2014,28/07/2019,24/08/2019,5/09/2019,8/08/2020,10/02/2027,17/02/2027,9/08/2027,24/03/2029,25/09/2030,,,67265.96,,,,,4207,QLD,Queensland,Northern,Australia,2009,6,13,Low Level Inquiry,Double Size,G6R220,Product Returned with Additional Contribution,Complete
,XXX7638472XXX,  Rachael  ,GF-L-676,HQ.5005.AAU,5,15/04/2012,6/03/2013,22/05/2017,11/04/2018,29/04/2018,,,,,,,,,,,,,,,,,,,2212,NSW,New South Wales,Eastern,Australia,2013,1,15,High Priority Level 2,Double Size,G6R220,Incomplete Resolution,Complete
,XXX4610807XXX,  Michael  ,GF-L-676,HQ.5005.AAU,5,10/02/2003,13/02/2004,14/01/2005,8/01/2019,17/02/2027,,,,,,,,,,,,,,,,,,,2200,NSW,New South Wales,Eastern,Australia,2021,9,19,High Priority Level 2,Double Size,G6R220,Incomplete Resolution,Complete
-26793.94619,XXX4306407XXX,Christian,GT-L-19,HQ.5005.AAU,8,29/08/2002,2/11/2003,16/10/2020,17/11/2020,9/09/2022,11/09/2022,14/10/2022,29/10/2023,,,,,,,,,,,,,,,,3204,VIC,Victoria,Southern,Australia,2016,7,13,Standard Inquiry,Long Block,G0R286,Product Replaced Like-for-Like,Complete
,XXX2528301XXX,  Michael  ,ZU-L-2,E7.5005.AAE,2,26/11/2011,31/10/2013,,,,,,,,,,,,,,,,,,,,,,,,,,Australia,2007,7,19,Standard Inquiry,Small,ZN6939,Incomplete Resolution,Complete
25583.28516,XXX1653821XXX,  Regina  ,GF-L-676,HQ.5005.AAU,13,4/09/2010,14/10/2010,28/08/2021,15/10/2021,5/07/2022,15/09/2022,3/10/2022,29/07/2024,12/11/2024,27/07/2029,2/08/2029,20/09/2029,27/09/2029,,,,,,120328.3,35379.46,38753.13,37066.29,39431.56,6430,WA,Western Australia,Western,Australia,2015,5,14,High Priority Level 2,Double Size,G6R220,Product Returne,Complete
,XXX6656029XXX,  CALVIN  ,GF-L-676,HQ.5005.AAU,3,25/04/2001,16/04/2010,24/05/2015,,,,,,,,,,,,,,,,,,,,,,,,,Australia,2017,12,17,Standard Inquiry,Double Size,G6R220,Incomplete Resolution,Complete
22217.82957,XXX290933XXX,  Rachael  ,GT-L-19,HQ.5005.AAU,11,27/05/2002,22/07/2003,26/04/2009,22/03/2010,11/04/2010,29/05/2010,3/05/2016,16/05/2016,18/06/2016,15/06/2019,27/03/2025,,,,,,,,,,,,,2557,NSW,New South Wales,Eastern,Australia,2007,2,15,Standard Inquiry,Long Block,G0R286,Product Returne,Complete
,XXX27363XXX,  Thomas  ,GE-L-181,YQ.5005.AAI,,,,,,,,,,,,,,,,,,,,,,,,,,,,,Australia,2005,7,16,Short Term,Long Block,G0R445,,Complete
,XXX2345527XXX,  Michael  ,GT-L-19,HQ.5005.AAU,3,26/03/2019,3/03/2022,22/04/2026,,,,,,,,,,,,,,,,,,,,,6028,WA,Western Australia,Western,Australia,2013,1,13,Standard Inquiry,Long Block,G0R286,Incomplete Resolution,Complete
,XXX6200812XXX,  Christina  ,GF-L-676,HQ.5005.AAU,5,30/04/2007,11/07/2016,2/05/2020,10/05/2027,5/06/2031,,,,,,,,,,,,,,,,,,,2208,NSW,New South Wales,Eastern,Australia,2023,11,11,Special Inquiry,Double Size,G6R220,Product Replaced Like-for-Like with Additional Contribution,In Progress
,XXX7695341XXX,  Christopher  ,GE-L-181,YQ.5005.AAI,5,24/09/2002,9/10/2009,14/09/2013,28/09/2015,4/10/2015,,,,,,,,,,,,,,,,,,,3029,VIC,Victoria,Southern,Australia,2018,2,12,High Priority Level 2,Long Block,G0R445,Icomplete Resolution,Complete
-605.5415034,XXX4192940XXX,  Karen  ,GF-L-676,HQ.5005.AAU,14,30/12/2005,31/01/2006,21/03/2014,28/05/2014,23/03/2015,29/04/2015,18/03/2016,7/04/2016,1/05/2017,8/03/2021,30/04/2027,26/02/2028,8/03/2028,22/03/2028,,,,,103552.8,34036.49,36860.56,35448.53,37234.04,6230,WA,Western Australia,Western,Australia,2019,11,14,High Priority Level 2,Double Size,G6R220,Product Replaced Like-for-Like,Complete
,XXX8845960XXX,  Danielle  ,AT-R-5,KQ.5005.AAU,4,23/06/2001,5/08/2011,1/07/2016,29/08/2021,,,,,,,,,,,,,,,,,,,,,,,,Australia,2017,5,11,Standard Inquiry,Medium,A0R420,Incomplete Resolution,Complete
-30113.44453,XXX3663999XXX,  OLIVIA  ,NL-L-19,XQ.5005.AAU,11,14/10/2002,19/08/2006,8/09/2009,2/09/2014,10/09/2015,9/09/2016,7/09/2017,31/05/2022,9/11/2024,17/08/2025,11/06/2028,,,,,,,,,,,,,3026,VIC,Victoria,Southern,Australia,2014,4,15,Standard Inquiry,Long Block,N0R217,Product Returned,Complete
-46296.90266,XXX6859855XXX,  Regina  ,GF-L-68,HQ.5000.AA2,13,6/01/2002,16/01/2002,23/01/2003,16/03/2003,4/12/2009,20/12/2009,23/11/2010,23/10/2013,23/01/2014,22/11/2014,14/01/2015,16/01/2023,25/11/2031,,,,,,86448.89,24552.72,27974.44,26263.58,28151.04,886,NT,Northern Territory,Central,Australia,2008,8,14,High Priority Level 2,Long Block,G6R996,Product Returned with Additional Contribution,Complete
325.9445681,XXX4047150XXX,  Regina  ,GF-L-676,HQ.5005.AAU,13,11/03/2004,31/03/2004,17/05/2004,7/03/2011,25/04/2014,20/04/2016,8/05/2016,23/07/2016,9/02/2020,10/03/2020,25/08/2022,27/04/2024,24/05/2027,,,,,,176676.1,35838.32,38678.2,37258.26,39037.86,3174,VIC,Victoria,Southern,Australia,2017,10,18,High Priority Level 2,Double Size,G6R220,Product Returned,Complete
,XXX4272663XXX,  Christopher  ,GF-L-676,HQ.5005.AAU,5,25/07/2012,2/10/2012,29/08/2016,2/09/2019,17/09/2019,,,,,,,,,,,,,,,,,,,2756,NSW,New South Wales,Eastern,Australia,2024,5,14,High Priority Level 2,Double Size,G6R220,Icomplete Resolution,Complete
29597.78046,XXX4090401XXX,  Kat  ,GF-L-676,Q3.5005.AAA,15,29/01/2004,15/02/2005,3/03/2005,21/02/2008,13/10/2011,24/10/2011,31/10/2011,3/03/2014,5/02/2015,10/02/2015,17/12/2015,3/12/2016,20/04/2018,7/12/2021,21/09/2029,,,,146579.3,31817.66,34670.15,33243.91,35057.61,4209,QLD,Queensland,Northern,Australia,2011,8,13,High Priority Level 2,Double Size (Limited),G6R220,Product Returned with Additional Contribution,Complete
-1066.57397,XXX645818XXX,  Christina  ,GF-L-676,HQ.5005.AAI,14,7/01/2005,5/12/2015,2/11/2018,25/01/2019,14/10/2026,25/12/2026,11/12/2027,27/01/2029,29/09/2029,17/10/2029,23/10/2030,29/10/2030,23/11/2030,19/12/2030,,,,,93901.66,32530.23,35815.7,34172.96,35883.09,4110,QLD,Queensland,Northern,Australia,2023,9,20,High Priority Level 2,Double Size,G6R220,Product Replaced Like-for-Like,Complete
-3635.684309,XXX6340046XXX,  Regina  ,GF-L-676,HQ.5005.AAU,16,11/03/2002,26/12/2004,31/01/2006,20/03/2007,13/05/2008,16/07/2008,19/02/2011,23/03/2011,29/03/2015,7/03/2018,3/02/2021,24/11/2021,4/04/2024,3/12/2024,18/01/2026,10/12/2029,,,140214.3,38661.98,41460.69,40061.34,41690.17,2560,NSW,New South Wales,Eastern,Australia,2006,10,15,High Priority Level 2,Double Size,G6R220,Product Replaced Like-for-Like with Additional Contribution,Complete
45530.46413,XXX6338184XXX,  Christina  ,GF-L-676,HQ.5005.AAU,13,19/08/2001,3/08/2005,6/09/2005,30/08/2008,28/09/2008,28/08/2018,8/09/2021,9/06/2026,7/07/2026,26/08/2027,23/10/2028,19/07/2030,27/10/2031,,,,,,74249.94,38408.68,42064.75,40236.72,42072.04,2197,NSW,New South Wales,Eastern,Australia,2006,5,18,High Priority Level 2,Double Size,G6R220,Product Returned with Additional Contribution,Complete
43406.85722,XXX4475057XXX,  Manar  ,GE-L-181,YQ.5005.AAI,13,14/03/2002,15/04/2002,11/05/2003,4/04/2010,19/06/2010,10/07/2013,11/02/2015,22/02/2015,4/02/2016,28/04/2016,17/07/2018,3/04/2020,23/05/2020,,,,,,86004.09,45842.06,49959.45,47900.76,50135.83,3207,VIC,Victoria,Southern,Australia,2006,11,11,High Priority Level 2,Long Block,G0R445,Product Returned with Additional Contribution,Complete
-3885.358083,XXX6990897XXX,  Janice  ,GF-L-70,Q3.5005.AAM,12,7/09/2011,10/11/2013,1/11/2014,24/02/2018,1/03/2018,24/05/2018,21/08/2018,20/11/2026,24/11/2026,22/10/2028,8/08/2030,28/09/2030,,,,,,,,,,,,4034,QLD,Queensland,Northern,Australia,2027,7,12,High Priority Level 2,Single (Backed),G2R308,Productt Replaced Like-for-Like with Additional Contribution,In Progress
-27804.67839,XXX2922312XXX,  Christina  ,GF-L-676,HQ.5005.AA4,13,14/05/2003,5/05/2008,24/06/2017,24/06/2019,25/04/2022,12/12/2022,8/01/2023,24/01/2028,16/04/2028,27/05/2028,10/02/2029,16/02/2030,23/02/2030,,,,,,131707.5,33188.78,36322.05,34755.41,36778.87,6010,WA,Western Australia,Western,Australia,2005,11,13,High Priority Level 2,Extra,G6R220,Product Returned with Additional Contrib,Complete
,XXX2887593XXX,  Mike  ,GF-L-676,XQ.5005.AAY,3,29/05/2014,9/04/2016,14/05/2029,,,,,,,,,,,,,,,,,,,,,,,,,Australia,2002,2,19,Short Term,Double Size,G6R220,Incomplete Resolution,Complete
2059.380804,XXX1943063XXX,  Regina  ,GF-L-70,Q3.5005.AAM,12,12/10/2003,1/11/2003,22/12/2003,6/01/2004,22/09/2006,26/10/2008,18/04/2010,1/09/2010,26/01/2012,21/01/2017,7/03/2020,17/12/2020,,,,,,,,,,,,4178,QLD,Queensland,Northern,Australia,2005,7,13,Special Inquiry,Single (Backed),G2R308,Corp. Payment Approved,Complete
20319.61083,XXX5709906XXX,  Christina  ,NL-L-23,XQ.5005.AAU,16,23/04/2001,12/10/2001,26/03/2002,5/07/2007,30/04/2009,4/09/2009,2/09/2015,20/08/2023,21/02/2026,22/02/2026,15/08/2026,20/08/2027,4/04/2028,31/01/2029,11/04/2029,24/06/2029,,,,,,,,,,,,Australia,2029,12,11,Standard Inquiry,Long Block,N0R742,Product Replaced Like-for-Like with Additional Contribution,Complete
-13108.94117,XXX6045053XXX,  Christina  ,GF-L-676,HQ.5005.AAU,16,12/12/2001,26/12/2002,4/01/2004,20/05/2004,26/04/2005,5/12/2005,11/02/2006,18/12/2006,20/12/2006,15/02/2009,13/06/2009,30/10/2012,24/12/2017,2/12/2018,26/11/2023,5/02/2024,,,83970.05,33580.01,36988.53,35284.27,37006.37,6317,WA,Western Australia,Western,Australia,2001,9,17,High Priority Level 2,Double Size,G6R220,Productt Replaced Like-for-Like with Additional Contribution,Complete
,XXX2715622XXX,  Michael  ,GF-L-676,HQ.5005.AAU,5,3/06/2007,28/06/2007,8/08/2012,26/06/2014,19/07/2014,,,,,,,,,,,,,,,,,,,2009,NSW,New South Wales,Eastern,Australia,2001,3,19,High Priority Level 2,Double Size,G6R220,Incomplete Resolution,Complete
,XXX2627566XXX,  Mike  ,GF-L-676,HQ.5005.AAQ,5,21/09/2001,20/10/2001,22/09/2018,7/11/2018,18/11/2018,,,,,,,,,,,,,,,,,,,3976,VIC,Victoria,Southern,Australia,2018,3,18,High Priority Level 2,Double Size,G6R220,Incomplete Resolution,Complete
,XXX1811068XXX,  Michael  ,GF-L-676,HQ.5005.AAU,5,24/08/2002,11/06/2008,24/06/2012,1/08/2012,10/08/2012,,,,,,,,,,,,,,,,,,,3197,VIC,Victoria,Southern,Australia,2015,1,11,Medium Priority,Double Size,G6R220,Incomplete Resolution,Complete
55743.18875,XXX4170040XXX,  Christina  ,GF-L-676,HQ.5005.AAU,15,19/11/2008,6/01/2009,2/11/2011,3/11/2016,18/11/2016,22/12/2022,29/12/2022,1/10/2025,8/12/2025,8/11/2026,8/12/2026,15/11/2028,26/12/2028,3/11/2029,22/12/2030,,,,43292.65,38179.13,42065.14,40122.14,42984.13,6069,WA,Western Australia,Western,Australia,2003,9,14,High Priority Level 2,Double Size,G6R220,Product Returned with Additional Contribution,Complete
,XXX517747XXX,  Christopher  ,GF-L-21,HQ.5005.AAA,5,28/06/2011,10/08/2011,4/09/2025,24/07/2028,5/08/2028,,,,,,,,,,,,,,,,,,,2560,NSW,New South Wales,Eastern,Australia,2012,3,18,High Priority Level 2,Double Size,G6R153,Incomplete Resolution,Complete
,XXX563986XXX,  Michael  ,GF-L-70,Q3.5005.AAM,5,14/07/2007,15/08/2007,15/07/2012,27/06/2014,26/08/2014,,,,,,,,,,,,,,,,,,,2009,NSW,New South Wales,Eastern,Australia,2001,3,11,High Priority Level 2,Single (Backed),G2R308,Incomplete Resolution,Complete
,XXX1952754XXX,  Rachael  ,GF-L-676,HQ.5005.AAU,3,7/07/2001,25/03/2023,19/04/2031,,,,,,,,,,,,,,,,,,,,,2190,NSW,New South Wales,Eastern,Australia,2027,2,19,Standard Inquiry,Double Size,G6R220,Incomplete Resolution,Complete
52671.09949,XXX5056797XXX,  Christina  ,GF-L-676,HQ.5005.AAI,13,31/03/2005,13/06/2005,5/03/2007,17/04/2007,16/04/2016,7/04/2017,24/04/2017,24/04/2019,8/04/2020,19/02/2022,10/03/2024,17/06/2024,18/05/2025,,,,,,113596.9,33842.54,37437.3,35639.92,37543.31,4122,QLD,Queensland,Northern,Australia,2005,12,14,High Priority Level 2,Double Size,G6R220,Product Returned with Additional Contrib,Complete
-26809.69206,XXX6426855XXX,  Mike  ,NL-L-23,XQ.5005.AAU,11,23/05/2009,7/11/2012,19/02/2014,16/04/2017,26/04/2017,8/03/2018,27/03/2018,6/04/2018,4/04/2020,3/02/2021,3/06/2023,,,,,,,,,,,,,4560,QLD,Queensland,Northern,Australia,2023,11,14,Standard Inquiry,Long Block,N0R742,Product Returned with Additional Contribution,Complete
,XXX3612024XXX,  Michael  ,GE-L-181,YQ.5005.AAI,5,17/03/2005,17/02/2008,21/03/2014,19/02/2018,13/03/2018,,,,,,,,,,,,,,,,,,,2350,NSW,New South Wales,Eastern,Australia,2017,11,14,High Priority Level 2,Long Block,G0R445,Incomplete Resolution,Complete
-201.0684642,XXX1102914XXX,  Janice  ,GF-L-676,HQ.5005.AAU,12,25/11/2006,24/09/2009,22/08/2010,2/12/2014,6/10/2016,17/11/2016,8/12/2021,7/09/2022,9/11/2023,16/09/2025,5/10/2025,25/09/2026,,,,,,,44628.38,38213.27,41717.45,39965.36,41995.2,3199,VIC,Victoria,Southern,Australia,2005,7,18,Special Inquiry,Double Size,G6R220,Product Replaced Like-for-Like with Additional Contribution,Complete
,XXX3420797XXX,  Danielle  ,GF-L-676,HQ.5005.AAI,5,24/05/2003,11/08/2003,22/08/2005,7/06/2011,6/08/2011,,,,,,,,,,,,,,,,,,,,,,,Australia,2012,4,17,High Priority Level 2,Double Size,G6R220,Incomplete Resolution,Complete
,XXX305653XXX,  Thomas  ,GF-L-676,HQ.5005.AAU,,,,,,,,,,,,,,,,,,,,,,,,,,,,,Australia,2017,5,18,Standard Inquiry,Double Size,G6R220,,Complete
,XXX5953263XXX,  Christina  ,VH-L-8,Q3.5005.AAI,4,27/11/2009,15/09/2013,23/11/2018,11/09/2028,,,,,,,,,,,,,,,,,,,,,,,,Australia,2015,6,19,Standard Inquiry,Dual Spaced,V9R233,Incomplete Resolution,Complete
19044.23387,XXX2368271XXX,  OLIVIA  ,GF-L-676,HQ.5005.AAU,11,2/06/2006,5/04/2010,5/05/2011,25/02/2012,1/03/2012,22/07/2015,30/06/2017,11/03/2020,16/04/2020,30/04/2021,8/06/2027,,,,,,,,,,,,,,,,,Australia,2004,2,13,Short Term,Double Size,G6R220,Product Returned with Additional Contribution,Complete
4557.475632,XXX413484XXX,  Christopher  ,GF-L-676,HQ.5005.AAU,16,16/04/2001,6/05/2002,9/06/2002,10/05/2005,6/07/2012,11/05/2016,25/05/2016,26/05/2016,3/03/2019,5/04/2019,9/04/2019,5/06/2019,14/06/2019,24/06/2019,27/05/2025,27/05/2029,,,,,,,,2170,NSW,New South Wales,Eastern,Australia,2009,6,17,Low Level Inquiry,Double Size,G6R220,Corp. Payment Approved,Complete
,XXX2136479XXX,  Michael  ,GF-L-676,HQ.5005.AAU,5,30/09/2018,4/12/2018,18/12/2018,6/09/2030,22/11/2030,,,,,,,,,,,,,,,,,,,2441,NSW,New South Wales,Eastern,Australia,2002,8,12,High Priority Level 2,Double Size,G6R220,Incomplete Resolution,Complete
,XXX939298XXX,  Michael  ,AT-R-5,KQ.5005.AAU,3,2/05/2022,27/02/2023,25/04/2025,,,,,,,,,,,,,,,,,,,,,,,,,Australia,2028,1,20,Standard Inquiry,Medium,A0R420,Incomplete Resolution,Complete
,XXX3917808XXX,  Lany  ,NL-L-23,XQ.5005.AAU,,,,,,,,,,,,,,,,,,,,,,,,,,,,,Australia,2010,5,15,Short Term,Long Block,N0R742,,Complete
,XXX3229724XXX,  Christina  ,GF-L-70,Q3.5005.AAM,15,13/06/2006,22/07/2012,6/08/2013,1/07/2015,21/06/2018,10/07/2018,3/08/2018,9/09/2018,11/09/2018,12/09/2018,12/09/2018,13/09/2018,21/09/2018,14/06/2026,19/08/2026,,,,,,,,,2142,NSW,New South Wales,Eastern,Australia,2015,1,20,Medium Priority,Single (Backed),G2R308,Corporate Payment Approved,Complete
-23519.06516,XXX901274XXX,  Rachael  ,TI-L-8,Q3.5000.AAQ,11,17/04/2005,11/03/2007,11/04/2010,30/01/2013,6/02/2014,23/03/2014,28/02/2019,24/03/2019,8/02/2021,5/03/2021,21/02/2022,,,,,,,,,,,,,4556,QLD,Queensland,Northern,Australia,2017,12,13,Standard Inquiry,Single (Backed),T1R540,Product Returned with Additional Contrib,Complete
230.0707223,XXX7148537XXX,  Sala  ,GF-L-676,HQ.5005.AAU,15,15/08/2001,8/09/2002,24/07/2006,21/06/2007,18/03/2011,27/06/2013,17/02/2016,26/02/2016,17/05/2019,2/06/2020,7/05/2023,17/02/2024,23/02/2024,20/04/2029,16/08/2031,,,,131387.4,,,,,5095,SA,South Australia,Central,Australia,2009,6,19,Low Level Inquiry,Double Size,G6R220,Product Replaced Like-for-Like,Complete
479.078726,XXX1416733XXX,  Karen  ,GF-L-676,HQ.5005.AAI,11,9/03/2008,1/01/2012,23/12/2012,2/05/2013,21/02/2021,31/12/2023,19/03/2024,26/12/2024,23/01/2028,5/02/2028,14/02/2030,,,,,,,,80171.43,34441.32,37214.99,35828.16,37269.91,3355,VIC,Victoria,Southern,Australia,2014,11,16,High Priority Level 1,Double Size,G6R220,Product Returned,Complete
,XXX3622383XXX,  OLIVIA  ,GF-L-676,HQ.5005.AAI,5,1/06/2001,29/04/2017,14/04/2020,20/06/2020,20/03/2026,,,,,,,,,,,,,,,,,,,3046,VIC,Victoria,Southern,Australia,2020,1,13,High Priority Level 2,Double Size,G6R220,Incomplete Resolution,Complete
,XXX1542902XXX,  OLIVIA  ,GF-L-676,HQ.5005.AAI,3,13/01/2002,23/11/2023,25/02/2031,,,,,,,,,,,,,,,,,,,,,7321,TAS,Tasmania,Southern,Australia,2015,10,15,Standard Inquiry,Double Size,G6R220,Incomplete Resolution,Complete
13596.94666,XXX83707XXX,  Christina  ,GE-L-181,YQ.5005.AAI,11,24/07/2002,25/03/2004,12/03/2005,9/02/2010,24/12/2015,9/02/2016,10/03/2016,18/08/2019,21/06/2020,10/08/2024,30/05/2030,,,,,,,,,,,,,,,,,Australia,2024,11,20,Short Term,Long Block,G0R445,Product Returned,Complete
,XXX1891122XXX,  JERRY  ,GF-L-676,HQ.5005.AAU,5,25/11/2004,26/11/2007,26/10/2011,26/11/2011,15/09/2031,,,,,,,,,,,,,,,,,,,2128,NSW,New South Wales,Eastern,Australia,2015,6,15,High Priority Level 2,Double Size,G6R220,Incomplete Resolution,Complete
17920.20994,XXX3354662XXX,  Michael  ,NL-L-23,XQ.5005.AAU,4,29/07/2013,26/07/2014,20/07/2020,10/08/2022,,,,,,,,,,,,,,,,,,,,,,,,Australia,2029,5,18,Standard Inquiry,Long Block,N0R742,Product Replaced Like-for-Like,Complete
8061.373755,XXX4088733XXX,  Michael  ,GF-L-676,HQ.5000.AAU,14,16/09/2001,6/03/2005,29/12/2006,13/03/2009,9/02/2010,26/02/2012,28/03/2014,17/12/2014,15/01/2017,25/11/2027,27/01/2028,29/01/2030,4/01/2031,19/02/2031,,,,,53873,36688.92,39595.27,38142.09,40269.98,,,,,Australia,2015,1,15,Medium Priority,Extra,G6R220,Product Replaced Like-for-Like with Additional Contribution,Complete
,XXX7721955XXX,  Rachael  ,GF-L-676,HQ.5005.AAQ,5,29/04/2005,17/04/2006,12/02/2007,13/03/2007,15/03/2030,,,,,,,,,,,,,,,,,,,4550,QLD,Queensland,Northern,Australia,2008,6,12,Low Level Inquiry,Double Size,G6R220,Incomplete Resolution,Complete
,XXX6411417XXX,  Mike  ,TI-L-8,KQ.5005.AA2,3,25/10/2016,13/12/2017,13/10/2021,,,,,,,,,,,,,,,,,,,,,2179,NSW,New South Wales,Eastern,Australia,2015,6,12,Standard Inquiry,Double Size,T1R540,Incomplete Resolution,Complete
,XXX5777091XXX,  Rachael  ,GF-L-14,Q3.5005.AAS,5,15/05/2012,20/05/2012,8/04/2017,9/04/2017,11/04/2017,,,,,,,,,,,,,,,,,,,4311,QLD,Queensland,Northern,Australia,2009,6,14,Low Level Inquiry,Single (Backed),G5R412,Icomplete Resolution,Complete
-27956.409,XXX568140XXX,  Brooke  ,GF-L-676,HQ.5005.AAU,13,16/09/2001,10/09/2003,27/09/2003,30/09/2003,10/08/2006,23/07/2007,4/08/2007,26/09/2007,26/10/2010,6/11/2028,4/09/2029,22/09/2030,10/10/2030,,,,,,60950.85,35126.31,39318.57,37222.44,39486.84,6112,WA,Western Australia,Western,Australia,2003,6,16,High Priority Level 2,Double Size,G6R220,Product Returned with Additional Contribution,Complete
,XXX1498751XXX,  OLIVIA  ,GF-L-68,HQ.5005.AAW,5,4/01/2016,17/01/2016,13/02/2016,24/10/2023,3/12/2029,,,,,,,,,,,,,,,,,,,5117,SA,South Australia,Central,Australia,2024,9,12,High Priority Level 2,Long Block,G6R996,Icomplete Resolution,Complete
,XXX2251996XXX,  Michael  ,GF-L-676,HQ.5005.AAU,5,17/12/2002,4/12/2006,26/12/2014,15/02/2015,4/03/2015,,,,,,,,,,,,,,,,,,,2168,NSW,New South Wales,Eastern,Australia,2012,10,15,High Priority Level 2,Double Size,G6R220,Icomplete Resolution,Complete
,XXX2056486XXX,  Rachael  ,GF-L-676,HQ.5005.AAI,5,27/02/2018,3/05/2018,5/03/2022,16/03/2022,19/05/2022,,,,,,,,,,,,,,,,,,,2484,NSW,New South Wales,Eastern,Australia,2009,6,12,Low Level Inquiry,Double Size,G6R220,Incomplete Resolution,Complete
,XXX1150698XXX,  OLIVIA  ,GF-L-676,HQ.5005.AAU,5,21/07/2009,6/07/2016,21/05/2021,22/04/2027,3/07/2027,,,,,,,,,,,,,,,,,,,3805,VIC,Victoria,Southern,Australia,2004,3,20,High Priority Level 2,Double Size,G6R220,Icomplete Resolution,Complete
-3508.303922,XXX1007476XXX,  Christina  ,GF-L-16,YQ.5005.AAI,16,8/09/2002,22/02/2005,1/03/2007,18/03/2007,9/09/2008,14/09/2008,16/03/2013,4/11/2014,5/02/2015,17/03/2018,26/08/2020,20/06/2023,5/09/2024,27/12/2024,6/01/2027,7/05/2031,,,55996.1,21273.98,23750.6,22512.29,24224.74,2114,NSW,New South Wales,Eastern,Australia,2019,12,17,High Priority Level 2,Extra,G3R989,Product Replaced Like-for-Like with Additional Contribution,Complete
,XXX8407467XXX,  Michael  ,AZ-R-8,BQ.5005.AAC,3,9/06/2009,23/05/2015,27/05/2015,,,,,,,,,,,,,,,,,,,,,,,,,Australia,2011,1,19,Standard Inquiry,5 Door Adjusted,A4R536,Incomplete Resolution,Complete
,XXX4688153XXX,  Christina  ,MK-L-10,BQ.5005.AAK,4,15/09/2003,26/09/2004,26/10/2005,17/10/2028,,,,,,,,,,,,,,,,,,,,3170,VIC,Victoria,Southern,Australia,2015,6,15,Standard Inquiry,5 Door Structure,M2R451,Incomplete Resolution,Complete
-2989.973457,XXX2105889XXX,  Karen  ,GF-L-676,HQ.5005.AAU,16,18/04/2002,26/10/2003,19/12/2003,22/11/2007,1/12/2007,7/01/2008,19/06/2008,29/05/2013,24/05/2017,10/03/2020,27/04/2020,2/05/2020,11/05/2020,23/03/2024,7/04/2024,31/03/2025,,,65612.82,38504.53,42137.83,40321.18,42570.93,2111,NSW,New South Wales,Eastern,Australia,2026,8,13,High Priority Level 2,Double Size,G6R220,Product Replaced Like-for-Like,Complete
8112.373804,XXX1650054XXX,  Regina  ,GF-L-70,Q3.5005.AAM,12,29/04/2003,14/06/2010,1/12/2014,6/11/2017,1/02/2022,3/02/2022,21/02/2024,15/04/2024,18/05/2027,15/03/2028,7/04/2028,28/03/2029,,,,,,,65644.39,14989.8,17243.57,16116.69,17320.45,3000,VIC,Victoria,Southern,Australia,2015,11,16,Special Inquiry,Single (Backed),G2R308,Product Returned with Additional Contribution,Complete
,XXX2624864XXX,  Ronald  ,GF-L-676,HQ.5005.AAU,5,14/11/2002,26/11/2002,27/11/2002,29/08/2028,21/09/2028,,,,,,,,,,,,,,,,,,,4164,QLD,Queensland,Northern,Australia,2020,8,12,High Priority Level 2,Double Size,G6R220,Incomplete Resolution,Complete
-38598.61055,XXX7253010XXX,  Christina  ,GE-L-181,YQ.5005.AAI,13,13/01/2003,13/02/2003,31/12/2004,5/01/2006,24/10/2007,16/12/2007,27/02/2012,15/02/2024,22/02/2024,7/01/2027,15/12/2028,2/12/2029,1/11/2030,,,,,,37627.06,49901.68,53966.7,51934.2,54679.88,6017,WA,Western Australia,Western,Australia,2022,9,12,High Priority Level 2,Long Block,G0R445,Product Returned with Additional Contribution,Complete
-713.6378613,XXX6602956XXX,  Christopher  ,GF-L-21,HQ.5005.AAA,16,18/07/2006,2/04/2008,26/07/2012,1/05/2015,10/05/2015,19/05/2018,30/05/2018,2/03/2019,5/04/2024,5/04/2024,7/04/2024,13/05/2024,28/05/2024,25/06/2024,28/04/2025,15/05/2025,,,,,,,,2232,NSW,New South Wales,Eastern,Australia,2009,6,14,Low Level Inquiry,Double Size,G6R153,Corp. Payment Approved,Complete
-1283.158824,XXX3683029XXX,  Janice  ,GF-L-676,HQ.5005.AAA,17,2/07/2003,23/03/2004,4/02/2006,16/02/2006,15/02/2007,30/05/2007,31/01/2009,8/03/2014,12/03/2014,12/08/2015,9/09/2015,2/05/2019,27/03/2030,9/11/2030,16/12/2030,26/12/2030,30/12/2030,,162132.2,29110.43,31864.72,30487.57,31925.37,4127,QLD,Queensland,Northern,Australia,2023,12,11,High Priority Level 2,Double Size,G6R220,Product Replaced Like-for-Like with Additional Contribution,Complete
-12424.9325,XXX1949093XXX,  Mike  ,TI-L-8,Q3.5000.AAQ,11,17/03/2007,9/05/2007,29/03/2014,20/04/2014,3/04/2016,12/03/2019,10/05/2020,24/03/2027,1/05/2027,11/05/2027,19/04/2028,,,,,,,,,,,,,,,,,Australia,2018,11,17,Standard Inquiry,Single (Backed),T1R540,Product Returned,Complete
,XXX2209898XXX,  Rachael  ,GF-L-676,Q3.5005.AAA,5,9/06/2003,25/04/2004,14/04/2017,16/05/2017,20/04/2024,,,,,,,,,,,,,,,,,,,4874,QLD,Queensland,Northern,Australia,2031,1,14,High Priority Level 2,Double Size (Limited),G6R220,Incomplete Resolution,Complete
,XXX6577778XXX,  Sala  ,GF-L-676,HQ.5005.AAI,5,26/01/2003,18/02/2003,16/12/2006,3/01/2008,3/01/2012,,,,,,,,,,,,,,,,,,,,,,,Australia,2006,10,12,High Priority Level 2,Double Size,G6R220,Corp. Payment Approved,In Progress
,XXX1353103XXX,  Michael  ,GE-L-181,YQ.5005.AAI,5,7/10/2021,6/12/2022,9/12/2023,15/11/2029,6/12/2029,,,,,,,,,,,,,,,,,,,4075,QLD,Queensland,Northern,Australia,2028,8,15,High Priority Level 2,Long Block,G0R445,Incomplete Resolution,Complete
21525.8659,XXX2918860XXX,  Christina  ,GE-L-181,YQ.5005.AAI,15,5/04/2005,27/05/2005,22/04/2007,25/03/2008,10/05/2008,13/06/2009,28/01/2012,22/05/2012,21/05/2019,4/06/2019,26/04/2021,27/05/2023,8/07/2023,7/01/2025,27/03/2031,,,,,,,,,,,,,Australia,2018,11,15,Short Term,Long Block,G0R445,Product Replaced Like-for-Like with Additional Contribution,Complete
14057.41755,XXX2688866XXX,  Rachael  ,MK-L-10,BQ.5005.AAK,13,20/04/2001,13/05/2003,26/04/2004,11/05/2004,12/06/2004,12/05/2006,25/03/2010,28/03/2013,29/12/2016,3/06/2017,9/04/2025,20/02/2029,28/03/2031,,,,,,,,,,,,,,,Australia,2023,12,15,Short Term,5 Door Structure,M2R451,Product Replaced Like-for-Like,Complete
,XXX4971494XXX,  Mike  ,GF-L-676,HQ.5005.AAI,5,27/01/2017,27/02/2017,28/01/2018,9/01/2019,19/02/2019,,,,,,,,,,,,,,,,,,,3024,VIC,Victoria,Southern,Australia,2009,9,15,High Priority Level 2,Double Size,G6R220,Incomplete Resolution,Complete
-4062.988789,XXX4103347XXX,  Manar  ,GF-L-68,HQ.5005.AAW,13,17/02/2003,9/03/2011,9/03/2011,28/12/2011,28/03/2013,28/01/2021,2/03/2021,3/12/2022,17/10/2024,21/12/2024,13/02/2026,22/12/2027,10/02/2029,,,,,,91639.8,32999.95,36348.41,34674.18,36859.21,6168,WA,Western Australia,Western,Australia,2020,9,20,High Priority Level 2,Long Block,G6R996,Product Returned with Additional Contribution,Complete
6885.930081,XXX4519534XXX,  Regina  ,GF-L-676,Q3.5005.AAI,16,11/03/2001,1/01/2010,17/01/2010,14/02/2011,28/10/2012,16/01/2013,2/12/2014,22/01/2018,24/01/2018,15/03/2024,28/04/2029,25/10/2029,14/11/2029,19/12/2029,22/12/2029,25/12/2029,,,202583.4,28933.58,31824.9,30379.24,31968.69,2250,NSW,New South Wales,Eastern,Australia,2010,9,14,High Priority Level 2,Double Size (Limited),G6R220,Productt Replaced Like-for-Like with Additional Contribution,Complete
,XXX2091848XXX,  Mike  ,GT-L-12,HQ.5005.AAU,3,1/05/2008,26/03/2014,5/04/2018,,,,,,,,,,,,,,,,,,,,,2030,NSW,New South Wales,Eastern,Australia,2024,11,12,Short Term,Long Block,G5R772,Incomplete Resolution,Complete
5608.78912,XXX5509163XXX,  Brooke  ,GF-L-676,HQ.5005.AAU,12,30/04/2007,8/05/2007,9/05/2007,16/05/2007,24/06/2007,24/07/2007,14/01/2008,5/05/2011,6/04/2013,7/10/2030,14/10/2030,7/12/2030,,,,,,,150110.8,35956.52,38949.78,37453.15,39937.51,6018,WA,Western Australia,Western,Australia,2008,7,11,Special Inquiry,Double Size,G6R220,Product Returned with Additional Contribution,Complete
,XXX3202355XXX,  Mike  ,GF-L-21,HQ.5005.AAA,5,2/12/2002,7/01/2014,22/11/2015,29/10/2019,8/11/2019,,,,,,,,,,,,,,,,,,,2257,NSW,New South Wales,Eastern,Australia,2015,9,17,High Priority Level 2,Double Size,G6R153,Icomplete Resolution,Complete
4677.589681,XXX7649317XXX,  Mike  ,NL-L-23,XQ.5005.AAU,11,15/06/2004,28/06/2008,4/04/2010,13/04/2010,8/05/2010,4/06/2010,3/04/2018,19/03/2020,27/02/2021,15/04/2021,28/04/2025,,,,,,,,,,,,,2190,NSW,New South Wales,Eastern,Australia,2025,11,14,Standard Inquiry,Long Block,N0R742,Product Returned,Complete
12635.56036,XXX6861517XXX,  Karen  ,GF-L-676,HQ.5005.AAU,13,18/01/2006,13/02/2009,25/02/2009,2/01/2022,27/10/2024,2/11/2024,3/11/2024,5/11/2024,18/12/2024,27/09/2027,2/09/2029,3/11/2029,6/12/2030,,,,,,136413.4,38151.86,41990.85,40071.35,42052.64,3020,VIC,Victoria,Southern,Australia,2007,8,15,High Priority Level 2,Double Size,G6R220,Product Returned,Complete
,XXX1624842XXX,  Michael  ,GF-L-68,HQ.5005.AAI,5,22/02/2005,25/11/2006,12/12/2006,21/12/2006,19/01/2010,,,,,,,,,,,,,,,,,,,4117,QLD,Queensland,Northern,Australia,2013,9,20,High Priority Level 2,Long Block,G6R996,Incomplete Resolution,Complete
,XXX1330761XXX,  Mike  ,GE-L-181,YQ.5005.AAI,5,11/10/2004,18/11/2004,21/11/2004,5/11/2007,22/11/2007,,,,,,,,,,,,,,,,,,,2540,NSW,New South Wales,Eastern,Australia,2027,8,15,High Priority Level 2,Long Block,G0R445,Incomplete Resolution,Complete
20035.9899,XXX2333889XXX,  CALVIN  ,GE-R-5,YQ.5005.AAU,13,12/01/2003,23/03/2006,3/04/2006,30/12/2008,15/03/2009,6/03/2010,11/02/2011,25/11/2013,25/01/2015,30/12/2015,17/02/2017,16/03/2024,8/05/2024,,,,,,,,,,,,,,,Australia,2014,10,20,Short Term,Block,G0R671,Product Replaced Like-for-Like,Complete
,XXX7225348XXX,  Sala  ,AZ-R-14,BQ.5005.AAY,4,14/12/2006,14/09/2010,21/10/2025,5/10/2030,,,,,,,,,,,,,,,,,,,,3978,VIC,Victoria,Southern,Australia,2030,6,11,Standard Inquiry,5 Door Adjusted,A4R971,Incomplete Resolution,Complete
-50612.31586,XXX2706078XXX,  Christina  ,GF-L-676,HQ.5005.AAU,15,21/06/2001,25/06/2001,29/06/2001,13/07/2001,23/07/2002,28/06/2005,29/07/2005,8/05/2006,6/06/2008,13/06/2008,20/06/2015,23/05/2019,27/07/2019,25/06/2030,6/07/2030,,,,94446.14,33301.78,36516.52,34909.15,36603.95,3137,VIC,Victoria,Southern,Australia,2028,2,16,High Priority Level 2,Double Size,G6R220,Product Returned with Additional Contrib,Complete
-10559.70665,XXX334453XXX,  Christina  ,GF-L-68,HQ.5005.AAG,15,6/02/2002,6/02/2002,28/02/2007,6/01/2008,13/02/2008,25/11/2008,3/02/2010,28/02/2010,28/01/2012,24/03/2012,25/03/2012,18/02/2013,21/02/2013,21/01/2014,2/02/2018,,,,116013,29671.31,32960.95,31316.13,33573.28,6330,WA,Western Australia,Western,Australia,2002,10,19,High Priority Level 2,Long Block,G6R996,Product Returned with Additional Contribution,Complete
33562.26363,XXX4799453XXX,  Janice  ,GF-L-70,Q3.5005.AAM,13,31/01/2002,9/10/2002,26/12/2003,4/09/2005,29/10/2005,25/10/2014,11/02/2020,24/11/2020,23/01/2022,9/02/2022,22/10/2028,25/10/2028,28/12/2028,,,,,,93124.46,14464.25,16140.39,15302.32,16273.38,6069,WA,Western Australia,Western,Australia,2003,9,19,High Priority Level 2,Single (Backed),G2R308,Product Returned with Additional Contribution,Complete
,XXX4718486XXX,  Christina  ,GE-L-181,YQ.5005.AAI,3,12/08/2001,3/08/2009,2/08/2028,,,,,,,,,,,,,,,,,,,,,,,,,Australia,2020,2,18,Standard Inquiry,Long Block,G0R445,Icomplete Resolution,Complete
-54371.47766,XXX6092381XXX,  Regina  ,GF-L-676,HQ.5005.AAU,15,21/04/2009,5/06/2009,20/06/2012,24/05/2015,2/06/2015,21/06/2015,24/06/2015,10/07/2015,10/07/2015,17/06/2017,25/05/2018,20/06/2018,13/06/2026,17/07/2029,11/08/2029,,,,44817.37,37944.21,41627.19,39785.7,41802.39,6164,WA,Western Australia,Western,Australia,2022,1,20,High Priority Level 2,Double Size,G6R220,Product Returned with Additional Contribution,Complete
-1704.26536,XXX5565776XXX,  Christina  ,GF-L-676,HQ.5005.AAM,16,28/02/2003,4/06/2004,5/02/2005,25/02/2007,10/02/2010,20/03/2010,26/03/2012,29/03/2012,9/06/2012,27/04/2018,19/01/2019,21/02/2021,13/02/2024,24/11/2030,12/03/2032,19/03/2032,,,77697.98,30738.02,34425.08,32581.55,34523.03,4035,QLD,Queensland,Northern,Australia,2007,10,17,High Priority Level 2,Extra,G6R220,Product Replaced Like-for-Like with Additional Contribution,In Progress
,XXX6290565XXX,  Danielle  ,GF-L-676,XQ.5005.AAY,4,27/10/2004,20/09/2009,18/11/2009,13/08/2029,,,,,,,,,,,,,,,,,,,,,,,,Australia,2026,7,18,Short Term,Double Size,G6R220,Incomplete Resolution,Complete
,XXX6138824XXX,  OLIVIA  ,GF-L-676,HQ.5005.AAU,5,27/03/2004,10/05/2004,6/06/2004,25/04/2022,25/03/2029,,,,,,,,,,,,,,,,,,,2196,NSW,New South Wales,Eastern,Australia,2026,11,15,High Priority Level 2,Double Size,G6R220,Incomplete Resolution,Complete
,XXX2011917XXX,  Janice  ,GF-L-70,Q3.5005.AAM,4,22/07/2010,22/09/2011,16/11/2011,22/12/2011,,,,,,,,,,,,,,,,,,,,3174,VIC,Victoria,Southern,Australia,2005,7,18,Special Inquiry,Single (Backed),G2R308,Incomplete Resolution,Complete
22087.1463,XXX7192088XXX,  Manar  ,GF-L-676,HQ.5005.AAU,13,6/02/2003,18/12/2008,26/01/2011,30/01/2012,9/02/2014,1/03/2014,20/03/2014,15/01/2020,21/11/2022,30/01/2023,6/12/2026,31/10/2030,13/12/2030,,,,,,86365.91,36090.5,39240.09,37665.3,39380.67,6159,WA,Western Australia,Western,Australia,2023,10,20,High Priority Level 2,Double Size,G6R220,Product Returned with Additional Contribution,Complete
,XXX3939975XXX,  Michael  ,GF-L-676,HQ.5005.AAU,5,21/12/2018,5/12/2025,18/12/2028,28/09/2029,20/11/2029,,,,,,,,,,,,,,,,,,,2144,NSW,New South Wales,Eastern,Australia,2025,8,17,High Priority Level 2,Double Size,G6R220,Incomplete Resolution,Complete
,XXX1515743XXX,  Janice  ,GF-L-68,HQ.5005.AAW,5,6/11/2004,13/12/2004,27/08/2011,5/09/2011,17/10/2016,,,,,,,,,,,,,,,,,,,6152,WA,Western Australia,Western,Australia,2021,6,19,High Priority Level 2,Long Block,G6R996,Incomplete Resolution,Complete
11261.58519,XXX3247240XXX,  Regina  ,GF-L-676,HQ.5005.AAU,13,5/03/2005,19/12/2006,10/07/2014,14/10/2014,2/01/2015,3/02/2015,21/11/2018,17/12/2024,30/05/2026,21/07/2028,21/09/2028,9/12/2028,2/04/2029,,,,,,101316.1,42668.08,46763.18,44715.63,46921.22,2099,NSW,New South Wales,Eastern,Australia,2024,8,20,High Priority Level 2,Double Size,G6R220,Product Returned with Additional Contribution,Complete
,XXX5159155XXX,  Mike  ,GF-L-676,HQ.5005.AAI,5,17/05/2001,20/04/2002,6/05/2005,12/04/2009,20/06/2009,,,,,,,,,,,,,,,,,,,2566,NSW,New South Wales,Eastern,Australia,2020,1,13,High Priority Level 2,Double Size,G6R220,Incomplete Resolution,Complete
,XXX4010080XXX,  Christopher  ,GF-L-16,YQ.5005.AAI,5,27/06/2011,13/08/2011,21/09/2025,1/08/2028,16/08/2028,,,,,,,,,,,,,,,,,,,2190,NSW,New South Wales,Eastern,Australia,2012,3,14,High Priority Level 2,Extra,G3R989,Incomplete Resolution,Complete
25222.85666,XXX830266XXX,  OLIVIA  ,GF-L-676,HQ.5005.AAA,11,9/08/2005,1/09/2006,11/09/2013,21/06/2016,27/06/2016,8/06/2018,14/06/2018,18/06/2022,23/07/2024,8/09/2024,26/09/2025,,,,,,,,,,,,,,,,,Australia,2021,5,20,Short Term,Double Size,G6R220,Product Returned,Complete
,XXX4997973XXX,  Rachael  ,GE-L-181,YQ.5005.AAI,3,30/08/2021,30/07/2027,31/07/2029,,,,,,,,,,,,,,,,,,,,,,,,,Australia,2020,5,19,Short Term,Long Block,G0R445,Incomplete Resolution,Complete
,XXX119126XXX,  Mike  ,GF-L-676,HQ.5005.AAU,5,28/03/2003,4/05/2003,6/05/2003,5/01/2014,7/02/2014,,,,,,,,,,,,,,,,,,,2207,NSW,New South Wales,Eastern,Australia,2023,9,12,High Priority Level 2,Double Size,G6R220,Incomplete Resolution,Complete
,XXX2069739XXX,  Michael  ,GE-L-181,YQ.5005.AAI,5,10/07/2008,13/08/2008,10/08/2012,20/05/2013,27/07/2013,,,,,,,,,,,,,,,,,,,4074,QLD,Queensland,Northern,Australia,2015,1,15,Medium Priority,Long Block,G0R445,Icomplete Resolution,Complete
,XXX3447592XXX,  Michael  ,GE-L-181,YQ.5005.AAI,5,2/11/2008,29/12/2008,25/10/2010,30/11/2010,19/12/2010,,,,,,,,,,,,,,,,,,,3149,VIC,Victoria,Southern,Australia,2017,9,16,High Priority Level 2,Long Block,G0R445,Incomplete Resolution,Complete
,XXX3706524XXX,  Mike  ,GF-L-676,HQ.5005.AAU,5,25/08/2003,8/08/2004,28/07/2005,4/08/2008,7/08/2008,,,,,,,,,,,,,,,,,,,1730,NSW,New South Wales,Eastern,Australia,2001,4,11,High Priority Level 2,Double Size,G6R220,Icomplete Resolution,Complete
25097.1296,XXX8745687XXX,  Christina  ,NL-L-19,XQ.5005.AAU,11,27/06/2001,23/07/2003,24/08/2003,5/06/2005,6/08/2005,10/08/2007,25/03/2008,25/01/2011,14/06/2016,18/07/2020,27/04/2028,,,,,,,,,,,,,,,,,Australia,2003,12,16,Standard Inquiry,Long Block,N0R217,Product Returne,Complete
18935.40259,XXX2739220XXX,  Regina  ,GF-L-68,HQ.5005.AAW,14,16/09/2001,23/09/2001,25/08/2002,25/11/2002,28/07/2005,31/08/2010,17/10/2010,21/08/2012,2/10/2013,29/10/2013,10/10/2024,8/09/2029,22/09/2030,23/10/2030,,,,,49094.64,35512.18,38541.91,37027.05,38955.15,6285,WA,Western Australia,Western,Australia,2011,6,11,Special Inquiry,Long Block,G6R996,Product Returned with Additional Contribution,Complete
,XXX362298XXX,Christian,ZM-R-1,KQ.5000.AA2,1,13/01/2011,,,,,,,,,,,,,,,,,,,,,,,2209,NSW,New South Wales,Eastern,Australia,2020,6,16,Standard Inquiry,Small,Z2R789,Corp. Payment Approved,Complete
,XXX6213372XXX,  Rachael  ,GE-L-181,YQ.5005.AAI,3,5/06/2004,4/06/2009,18/04/2024,,,,,,,,,,,,,,,,,,,,,,,,,Australia,2010,3,15,Standard Inquiry,Long Block,G0R445,Incomplete Resolution,Complete
,XXX8987XXX,  Christopher  ,GF-L-16,YQ.5005.AAI,5,18/07/2011,22/07/2011,20/06/2025,19/09/2028,27/09/2028,,,,,,,,,,,,,,,,,,,2560,NSW,New South Wales,Eastern,Australia,2012,3,11,High Priority Level 2,Extra,G3R989,Incomplete Resolution,Complete
,XXX7294178XXX,  Mike  ,GF-L-14,HQ.5005.AAK,5,25/12/2002,6/12/2003,26/02/2004,24/12/2015,6/12/2022,,,,,,,,,,,,,,,,,,,4740,QLD,Queensland,Northern,Australia,2024,9,16,High Priority Level 2,Double Size,G5R412,Icomplete Resolution,Complete
,XXX1567201XXX,  Sala  ,GF-L-676,HQ.5005.AAU,,,,,,,,,,,,,,,,,,,,,,,,,2211,NSW,New South Wales,Eastern,Australia,2023,8,13,Standard Inquiry,Double Size,G6R220,,Escalated
,XXX3686573XXX,  Sala  ,GE-L-181,YQ.5005.AAI,,,,,,,,,,,,,,,,,,,,,,,,,,,,,Australia,2031,8,14,Short Term,Long Block,G0R445,,Escalated
,XXX2154781XXX,  Rachael  ,GF-L-676,HQ.5005.AAU,5,12/07/2012,31/07/2014,1/10/2014,29/07/2019,18/07/2021,,,,,,,,,,,,,,,,,,,4123,QLD,Queensland,Northern,Australia,2015,1,16,Medium Priority,Double Size,G6R220,Incomplete Resolution,Complete
,XXX3128159XXX,  Rachael  ,GF-L-676,HQ.5005.AAU,3,22/05/2001,15/05/2018,5/05/2031,,,,,,,,,,,,,,,,,,,,,2190,NSW,New South Wales,Eastern,Australia,2010,3,11,Standard Inquiry,Double Size,G6R220,Incomplete Resolution,Complete
,XXX5892962XXX,  OLIVIA  ,GF-L-676,HQ.5005.AAU,2,21/11/2011,19/02/2012,,,,,,,,,,,,,,,,,,,,,,,,,,Australia,2016,9,17,Standard Inquiry,Double Size,G6R220,Incomplete Resolution,Complete
24479.40042,XXX4718096XXX,  LIZ  ,GF-L-16,Q3.5005.AA2,12,9/09/2001,16/09/2001,15/11/2002,30/07/2005,27/10/2005,14/11/2005,21/09/2006,24/10/2006,26/10/2016,17/08/2028,4/09/2028,3/09/2031,,,,,,,66536.14,21796.36,24396.41,23096.39,24648.49,2099,NSW,New South Wales,Eastern,Australia,2005,6,19,Special Inquiry,Single (Backed),G3R989,Product Returne,Complete
,XXX455800XXX,  Michael  ,GE-L-181,YQ.5005.AAI,3,30/03/2014,21/02/2018,12/04/2019,,,,,,,,,,,,,,,,,,,,,,,,,Australia,2006,11,12,Standard Inquiry,Long Block,G0R445,Icomplete Resolution,Complete
,XXX3402812XXX,  OLIVIA  ,GF-L-676,HQ.5005.AAU,5,24/10/2028,4/11/2028,10/10/2029,9/11/2029,27/12/2029,,,,,,,,,,,,,,,,,,,2170,NSW,New South Wales,Eastern,Australia,2002,9,15,High Priority Level 2,Double Size,G6R220,Icomplete Resolution,Complete
,XXX9276225XXX,  CALVIN  ,GF-L-676,XQ.5005.AAY,3,5/05/2012,7/05/2015,23/03/2024,,,,,,,,,,,,,,,,,,,,,,,,,Australia,2030,12,19,Short Term,Double Size,G6R220,Incomplete Resolution,Complete
,XXX4744285XXX,  Rachael  ,GF-L-676,HQ.5005.AAU,5,26/07/2007,25/05/2011,20/08/2012,5/06/2014,3/07/2014,,,,,,,,,,,,,,,,,,,,,,,Australia,2029,4,13,High Priority Level 2,Double Size,G6R220,Icomplete Resolution,Complete
23984.5592,XXX3957197XXX,  Christina  ,AZ-R-8,BQ.5005.AAO,12,5/06/2008,25/06/2008,6/07/2008,12/05/2012,7/07/2012,27/07/2014,21/05/2024,1/06/2026,18/06/2026,30/06/2027,4/04/2029,14/05/2029,,,,,,,,,,,,,,,,Australia,2019,2,17,Standard Inquiry,5 Door Adjusted,A4R536,Product Returned,Complete
43313.59717,XXX2333796XXX,  Karen  ,GF-L-676,HQ.5005.AAU,13,30/05/2002,4/06/2004,20/07/2004,14/06/2006,24/06/2007,23/07/2007,24/04/2012,13/08/2013,8/06/2014,18/07/2019,31/05/2025,27/05/2030,4/06/2030,,,,,,96534.91,33949.5,36949.3,35449.4,37817.09,6230,WA,Western Australia,Western,Australia,2031,1,17,High Priority Level 2,Double Size,G6R220,Product Returned with Additional Contrib,Complete
,XXX5960357XXX,  Michael  ,GE-L-181,YQ.5005.AAI,5,4/12/2005,18/12/2007,22/11/2008,4/01/2009,4/11/2030,,,,,,,,,,,,,,,,,,,5158,SA,South Australia,Central,Australia,2016,9,17,High Priority Level 2,Long Block,G0R445,Incomplete Resolution,Complete
-14549.83947,XXX557842XXX,  Christina  ,MY-L-4,BQ.5005.AAE,11,10/03/2002,15/03/2004,29/03/2005,4/04/2009,27/06/2009,24/04/2010,6/04/2017,17/04/2017,9/03/2019,27/05/2023,8/04/2025,,,,,,,,,,,,,6030,WA,Western Australia,Western,Australia,2012,1,11,Short Term,Small,M0R137,Product Returned,Complete
,XXX8131530XXX,  CALVIN  ,AZ-R-14,BQ.5005.AAY,3,24/05/2006,23/05/2012,8/04/2026,,,,,,,,,,,,,,,,,,,,,2518,NSW,New South Wales,Eastern,Australia,2007,1,11,Standard Inquiry,5 Door Adjusted,A4R971,Incomplete Resolution,Complete
650.9574497,XXX4788792XXX,  Christopher  ,AZ-R-2,BQ.5005.AAS,9,3/07/2008,23/07/2008,24/08/2014,14/07/2015,15/08/2019,23/08/2019,10/08/2021,1/06/2025,21/07/2031,,,,,,,,,,,,,,,,,,,Australia,2009,4,12,Short Term,Medium,A0R210,Product Replaced Like-for-Like,In Progress
14009.47722,XXX4043241XXX,  Manar  ,GF-L-676,HQ.5005.AAU,16,30/09/2002,21/10/2002,30/10/2007,27/10/2008,23/11/2008,24/11/2008,28/12/2011,24/02/2012,19/11/2021,25/10/2022,14/01/2023,11/11/2025,21/12/2025,27/12/2025,23/01/2026,24/01/2026,,,,,,,,2158,NSW,New South Wales,Eastern,Australia,2009,8,11,High Priority Level 2,Double Size,G6R220,Corp. Payment Approved,Complete
,XXX7417984XXX,  Mike  ,GE-L-181,YQ.5005.AAI,5,25/04/2003,8/05/2012,2/04/2022,16/04/2023,21/04/2023,,,,,,,,,,,,,,,,,,,2767,NSW,New South Wales,Eastern,Australia,2003,8,13,High Priority Level 2,Long Block,G0R445,Incomplete Resolution,Complete
689.0640725,XXX1135440XXX,  Brooke  ,GF-L-70,Q3.5005.AAM,16,20/08/2006,29/07/2009,7/08/2015,7/08/2015,12/08/2015,27/07/2016,22/08/2016,5/10/2016,11/10/2016,24/10/2016,16/08/2018,20/07/2019,25/08/2019,27/10/2024,3/09/2026,26/07/2031,,,,,,,,3807,VIC,Victoria,Southern,Australia,2015,1,14,Medium Priority,Single (Backed),G2R308,Corp. Payment Approved,Complete
-16824.81099,XXX4842805XXX,  Janice  ,GF-L-70,Q3.5005.AAM,13,22/05/2005,7/06/2008,17/07/2015,17/05/2020,16/07/2020,23/01/2023,2/02/2023,10/06/2023,17/06/2023,10/04/2025,28/03/2027,2/02/2030,19/02/2030,,,,,,209441.7,14667.06,17190.35,15928.71,17567.13,4008,QLD,Queensland,Northern,Australia,2023,1,11,High Priority Level 2,Single (Backed),G2R308,Product Returned with Additional Contrib,Complete
,XXX1925239XXX,  OLIVIA  ,GF-L-70,YQ.5005.AAS,5,4/12/2023,12/12/2023,5/12/2027,6/01/2031,20/01/2031,,,,,,,,,,,,,,,,,,,3340,VIC,Victoria,Southern,Australia,2013,10,14,High Priority Level 2,Double Size,G2R308,Incomplete Resolution,Complete
,XXX3125981XXX,  Rachael  ,GF-L-676,HQ.5005.AAU,5,19/10/2006,3/08/2007,28/11/2010,18/11/2014,28/12/2014,,,,,,,,,,,,,,,,,,,2173,NSW,New South Wales,Eastern,Australia,2001,6,15,High Priority Level 2,Double Size,G6R220,Incomplete Resolution,Complete
,XXX5952332XXX,  Michael  ,GF-L-676,HQ.5005.AAU,5,1/06/2016,29/05/2017,2/06/2025,9/08/2025,23/05/2028,,,,,,,,,,,,,,,,,,,2151,NSW,New South Wales,Eastern,Australia,2015,1,11,Medium Priority,Double Size,G6R220,Incomplete Resolution,Complete
,XXX2767205XXX,  Michael  ,GF-L-676,HQ.5005.AAU,5,3/02/2005,29/12/2014,19/02/2016,27/02/2016,14/12/2027,,,,,,,,,,,,,,,,,,,2160,NSW,New South Wales,Eastern,Australia,2028,10,17,High Priority Level 2,Double Size,G6R220,Incomplete Resolution,Complete
,XXX3161107XXX,  OLIVIA  ,GE-L-181,YQ.5005.AAI,5,25/12/2004,23/09/2029,8/10/2029,5/11/2030,22/11/2030,,,,,,,,,,,,,,,,,,,3527,VIC,Victoria,Southern,Australia,2027,8,14,High Priority Level 2,Long Block,G0R445,Incomplete Resolution,Complete
-1353.884861,XXX3404255XXX,  Regina  ,GF-L-676,Q3.5005.AAI,16,20/12/2002,22/01/2003,6/11/2003,18/11/2003,22/11/2004,25/11/2012,29/11/2012,19/01/2013,15/02/2013,21/12/2018,19/01/2023,8/12/2024,24/10/2028,19/11/2028,4/12/2029,21/01/2030,,,60296.25,28786.74,32065.18,30425.96,32614.85,6167,WA,Western Australia,Western,Australia,2004,7,16,High Priority Level 2,Double Size (Limited),G6R220,Productt Replaced Like-for-Like with Additional Contribution,Complete
15921.70404,XXX7416580XXX,  Janice  ,GE-L-181,YQ.5005.AAI,12,6/11/2005,29/10/2007,3/11/2007,8/11/2007,26/09/2008,24/07/2019,13/11/2020,1/08/2024,10/10/2024,11/08/2030,26/07/2031,22/08/2031,,,,,,,,,,,,4740,QLD,Queensland,Northern,Australia,2005,7,11,Special Inquiry,Long Block,G0R445,Corp. Payment Approved,Complete
-4186.382394,XXX1068372XXX,  Christina  ,GF-L-676,HQ.5005.AAU,13,15/06/2003,9/08/2004,24/05/2005,19/07/2005,28/05/2006,7/08/2009,23/05/2015,6/06/2018,8/07/2018,9/07/2018,31/03/2027,8/05/2029,27/07/2029,,,,,,83766.45,35664.97,38760.06,37212.52,39046.88,6121,WA,Western Australia,Western,Australia,2006,3,20,High Priority Level 2,Double Size,G6R220,Product Returned,Complete
,XXX4201519XXX,  Christina  ,GF-L-676,Q3.5005.AAA,4,2/03/2021,11/03/2021,19/11/2024,21/04/2029,,,,,,,,,,,,,,,,,,,,3024,VIC,Victoria,Southern,Australia,2016,9,15,High Priority Level 1,Double Size (Limited),G6R220,Customer Withdrawal,Complete
-17903.07355,XXX6046618XXX,  Regina  ,GE-L-181,YQ.5005.AAI,11,6/04/2003,6/03/2004,14/03/2004,20/03/2004,17/12/2004,19/01/2006,20/03/2006,21/12/2011,3/03/2012,7/03/2012,10/05/2017,,,,,,,,,,,,,6056,WA,Western Australia,Western,Australia,2012,9,15,High Priority Level 1,Long Block,G0R445,Corp. Payment Approved,Complete
,XXX131203XXX,  CALVIN  ,GF-L-676,HQ.5005.AAU,5,24/02/2010,17/02/2011,13/03/2011,14/04/2011,3/02/2014,,,,,,,,,,,,,,,,,,,3752,VIC,Victoria,Southern,Australia,2022,10,20,High Priority Level 2,Double Size,G6R220,Incomplete Resolution,Complete
45755.00275,XXX5862520XXX,  Manar  ,GE-L-181,YQ.5005.AAI,13,23/11/2001,17/12/2001,13/03/2007,6/03/2017,20/12/2017,29/01/2018,2/11/2022,2/11/2022,18/12/2023,28/01/2024,30/01/2024,21/01/2028,27/11/2028,,,,,,137602.8,39770.14,44023.25,41896.7,44075.32,6025,WA,Western Australia,Western,Australia,2026,9,20,High Priority Level 2,Long Block,G0R445,Product Returned with Additional Contribution,Complete
-3523.21135,XXX1082208XXX,  Angela  ,GF-L-70,Q3.5005.AAM,12,13/09/2017,4/08/2018,7/08/2018,30/08/2018,5/10/2018,27/07/2025,15/08/2025,16/08/2025,8/10/2027,22/11/2027,17/10/2028,20/08/2030,,,,,,,53408.67,16413.41,18404.17,17408.79,19078.32,4551,QLD,Queensland,Northern,Australia,2027,2,12,Special Inquiry,Single (Backed),G2R308,Product Replaced Like-for-Like,Complete
,XXX4680054XXX,  Michael  ,GF-L-676,HQ.5005.AAU,5,21/05/2014,9/04/2015,2/05/2017,24/02/2019,26/04/2019,,,,,,,,,,,,,,,,,,,2200,NSW,New South Wales,Eastern,Australia,2010,12,16,High Priority Level 2,Double Size,G6R220,Incomplete Resolution,Complete
1145.778146,XXX5011504XXX,  Janice  ,GF-L-70,Q3.5005.AAM,14,18/01/2004,7/04/2006,21/06/2006,2/09/2006,11/09/2006,4/11/2008,2/06/2010,13/05/2015,29/01/2016,12/04/2016,4/12/2016,22/05/2023,25/02/2025,18/05/2030,,,,,52010.38,16504.24,17851.68,17177.96,18143.96,2085,NSW,New South Wales,Eastern,Australia,2012,2,14,High Priority Level 2,Single (Backed),G2R308,Product Replaced Like-for-Like,Complete
27602.20374,XXX4965737XXX,  Ross  ,GF-L-676,HQ.5005.AAU,13,2/03/2006,21/03/2006,6/05/2010,13/05/2017,27/05/2017,6/12/2020,28/12/2020,17/05/2021,27/11/2026,26/05/2027,24/12/2028,30/11/2029,1/02/2032,,,,,,90077.16,33361.71,37362.48,35362.09,37839.92,6164,WA,Western Australia,Western,Australia,2031,10,14,High Priority Level 2,Double Size,G6R220,Product Returned,Complete
,XXX8029798XXX,  Michael  ,GF-L-676,HQ.5005.AAU,5,24/10/2003,5/01/2004,13/10/2006,21/12/2006,6/11/2019,,,,,,,,,,,,,,,,,,,4214,QLD,Queensland,Northern,Australia,2008,8,18,High Priority Level 2,Double Size,G6R220,Incomplete Resolution,Complete
,XXX1780894XXX,  OLIVIA  ,GF-L-676,HQ.5005.AAU,5,25/10/2019,7/12/2019,17/10/2021,18/12/2021,8/11/2023,,,,,,,,,,,,,,,,,,,2211,NSW,New South Wales,Eastern,Australia,2003,9,19,High Priority Level 2,Double Size,G6R220,Icomplete Resolution,Complete
,XXX3408628XXX,  DANIEL  ,GE-L-181,YQ.5005.AAM,6,12/10/2009,4/09/2012,6/11/2024,5/09/2027,22/11/2027,25/11/2027,,,,,,,,,,,,,,,,,,2484,NSW,New South Wales,Eastern,Australia,2008,6,11,High Priority Level 2,Long Block,G0R445,Icomplete Resolution,Complete
-31028.48725,XXX499169XXX,  Regina  ,GF-L-676,HQ.5005.AAU,13,27/11/2006,30/08/2007,11/01/2010,4/12/2014,20/09/2017,23/09/2017,16/12/2017,25/09/2018,5/12/2018,18/11/2020,29/10/2021,31/10/2021,22/11/2025,,,,,,72845.98,38192.58,42237.67,40215.13,43233.63,3840,VIC,Victoria,Southern,Australia,2030,6,17,High Priority Level 2,Double Size,G6R220,Product Returned with Additional Contribution,Complete
33742.09924,XXX5865424XXX,  Christina  ,GF-L-676,HQ.5005.AA4,13,16/05/2002,22/01/2003,2/02/2005,1/04/2007,3/04/2007,23/03/2014,7/01/2022,6/02/2022,26/11/2023,25/11/2025,25/03/2029,28/03/2029,28/11/2029,,,,,,127547.3,43033.96,46204.84,44619.4,46244.37,2284,NSW,New South Wales,Eastern,Australia,2008,6,18,Low Level Inquiry,Extra,G6R220,Product Returned with Additional Contribution,Complete
,XXX7525251XXX,  Rachael  ,GF-L-676,HQ.5005.AAU,5,23/01/2018,23/01/2018,31/01/2018,18/03/2018,15/04/2018,,,,,,,,,,,,,,,,,,,2132,NSW,New South Wales,Eastern,Australia,2008,1,12,High Priority Level 2,Double Size,G6R220,Customer Withdrawal,Complete
21136.81744,XXX3098772XXX,  Mike  ,AT-R-2,KQ.5000.AAW,14,7/03/2001,31/03/2001,12/05/2001,16/04/2004,9/05/2004,29/12/2005,18/02/2006,22/05/2010,13/03/2011,17/05/2011,1/04/2021,4/04/2021,16/02/2029,21/04/2029,,,,,,,,,,,,,,Australia,2027,8,12,Standard Inquiry,Medium,A0R830,Product Replaced Like-for-Like with Additional Contribution,Complete
-32254.35972,XXX7582238XXX,  Christina  ,GE-L-181,YQ.5005.AAI,15,18/06/2001,3/07/2003,29/07/2004,14/05/2006,16/08/2006,21/04/2015,30/04/2016,26/05/2017,10/06/2017,23/05/2022,1/05/2024,10/06/2026,5/06/2027,28/07/2027,15/04/2031,,,,45782.8,43826.32,47707.84,45767.08,48653.35,7140,TAS,Tasmania,Southern,Australia,2010,2,19,High Priority Level 2,Long Block,G0R445,Product Returned with Additional Contribution,Complete
,XXX2812112XXX,  David  ,VH-L-21,ZQ.5005.AAA,3,9/03/2010,2/10/2016,9/05/2022,,,,,,,,,,,,,,,,,,,,,,,,,Australia,2028,10,13,Standard Inquiry,Long Block,V0R891,Icomplete Resolution,Complete
-10799.1746,XXX562418XXX,  Karen  ,GF-L-676,HQ.5005.AAU,11,23/03/2010,25/12/2011,28/01/2012,7/01/2018,14/02/2018,4/03/2018,30/12/2020,19/03/2021,8/02/2023,20/12/2028,6/02/2029,,,,,,,,,,,,,4116,QLD,Queensland,Northern,Australia,2016,9,20,High Priority Level 1,Double Size,G6R220,Corp. Payment Approved,Complete
-305.2732847,XXX8572534XXX,  Christina  ,GF-L-676,XQ.5005.AAC,10,29/08/2011,12/10/2011,20/06/2012,5/06/2016,24/04/2020,29/05/2020,28/10/2020,29/10/2020,31/08/2024,20/07/2030,,,,,,,,,,,,,,,,,,Australia,2024,3,20,Short Term,Double Size,G6R220,Product Returned,In Progress
199.4994616,XXX9102368XXX,  CALVIN  ,GE-L-181,YQ.5005.AAI,15,7/02/2003,1/03/2003,4/03/2003,27/03/2003,5/05/2003,8/02/2004,27/05/2005,10/06/2005,24/03/2009,22/03/2014,28/01/2019,24/05/2019,3/06/2019,17/01/2031,12/03/2032,,,,,,,,,,,,,Australia,2007,10,11,Short Term,Long Block,G0R445,Product Replaced Like-for-Like with Additional Contribution,Complete
-901.8440368,XXX3674471XXX,  Rachael  ,GF-L-70,Q3.5005.AAM,14,11/09/2006,7/11/2006,26/11/2006,30/07/2012,31/07/2012,31/07/2012,4/08/2012,21/08/2012,26/08/2012,30/09/2012,15/08/2019,13/09/2019,28/09/2019,20/09/2028,,,,,60504,15935.16,18435.19,17185.18,18726.53,4209,QLD,Queensland,Northern,Australia,2011,4,14,High Priority Level 2,Single (Backed),G2R308,Product Replaced Like-for-Like,Complete
8873.940404,XXX4702169XXX,  Sala  ,GF-L-70,Q3.5005.AAM,13,9/05/2002,17/02/2008,28/03/2018,8/04/2022,1/12/2022,24/01/2023,24/11/2024,16/02/2025,24/12/2026,7/01/2027,11/02/2027,18/02/2027,21/12/2027,,,,,,183156.8,14645.67,16888.29,15766.98,17848.11,6017,WA,Western Australia,Western,Australia,2004,9,14,High Priority Level 2,Single (Backed),G2R308,Product Returned with Additional Contribution,Complete
,XXX6959304XXX,  Michael  ,GE-L-181,YQ.5005.AAI,5,10/03/2005,31/01/2007,13/03/2007,6/04/2007,20/04/2007,,,,,,,,,,,,,,,,,,,,,,,Australia,2019,11,12,High Priority Level 2,Long Block,G0R445,Incomplete Resolution,Complete
,XXX4766484XXX,  Ronald  ,GF-L-70,YQ.5005.AAS,5,7/12/2002,13/12/2002,9/12/2011,19/01/2012,26/01/2012,,,,,,,,,,,,,,,,,,,6104,WA,Western Australia,Western,Australia,2015,8,14,High Priority Level 2,Double Size,G2R308,Incomplete Resolution,Complete
-54270.06781,XXX4015016XXX,  Christina  ,GF-L-676,HQ.5005.AAU,15,20/07/2003,15/07/2006,11/06/2007,6/08/2007,29/03/2013,10/07/2016,1/08/2019,12/05/2020,24/05/2020,28/07/2020,16/07/2022,2/05/2023,20/08/2027,5/07/2030,15/04/2031,,,,83219.09,35749.12,39375.4,37562.26,39724.14,3150,VIC,Victoria,Southern,Australia,2003,3,16,High Priority Level 2,Double Size,G6R220,Product Returned with Additional Contribution,Complete
1265.993475,XXX4885499XXX,  Christina  ,GF-L-676,HQ.5005.AAU,16,4/01/2002,15/01/2002,5/11/2002,8/11/2002,10/11/2002,12/11/2002,3/01/2003,26/12/2009,22/11/2012,16/10/2017,24/08/2021,27/10/2021,30/10/2022,23/09/2023,17/11/2023,6/11/2030,,,,,,,,2196,NSW,New South Wales,Eastern,Australia,2026,5,16,High Priority Level 2,Double Size,G6R220,Corp. Payment Approved,Complete
49700.66346,XXX2191201XXX,  Michael  ,GF-L-676,HQ.5005.AAU,11,10/01/2005,19/11/2006,22/10/2013,16/11/2013,20/11/2013,27/11/2022,7/02/2023,14/11/2030,21/11/2030,7/01/2031,20/01/2031,,,,,,,,,,,,,,,,,Australia,2029,8,19,Short Term,Double Size,G6R220,Product Returned with Additional Contribution,Complete
,XXX4079499XXX,  Rachael  ,GF-L-676,HQ.5005.AAU,5,26/08/2003,26/08/2003,25/08/2029,30/08/2029,17/09/2031,,,,,,,,,,,,,,,,,,,6166,WA,Western Australia,Western,Australia,2008,6,17,Low Level Inquiry,Double Size,G6R220,Incomplete Resolution,Complete
18351.22386,XXX7832273XXX,  Kevin,ZX-R-6,BQ.5005.AAK,13,26/05/2005,9/06/2005,12/04/2006,13/04/2006,19/06/2006,29/05/2007,14/06/2007,25/04/2017,7/04/2025,26/04/2025,7/06/2025,7/04/2028,28/04/2028,,,,,,,,,,,,,,,Australia,2013,12,17,Standard Inquiry,5 Door Structure,Z1R683,Product Replaced Like-for-Like,Complete
,XXX7665518XXX,  Elaine  ,GT-L-19,HQ.5005.AAU,,,,,,,,,,,,,,,,,,,,,,,,,2197,NSW,New South Wales,Eastern,Australia,2024,6,12,Standard Inquiry,Long Block,G0R286,,Complete
,XXX4185155XXX,  Rachael  ,GF-L-676,HQ.5005.AAU,5,23/04/2005,6/03/2008,25/04/2008,20/04/2027,25/04/2029,,,,,,,,,,,,,,,,,,,2141,NSW,New South Wales,Eastern,Australia,2009,6,14,Low Level Inquiry,Double Size,G6R220,Incomplete Resolution,Complete
2952.556493,XXX3136014XXX,  Christina  ,GF-L-676,HQ.5005.AAU,16,21/03/2001,24/03/2003,15/12/2004,17/12/2004,30/11/2005,5/12/2013,3/01/2017,25/03/2017,21/12/2018,31/01/2019,8/12/2020,27/01/2024,24/03/2024,5/01/2026,22/02/2026,6/04/2029,,,47833.21,40380.64,44256.35,42318.5,44494.07,4109,QLD,Queensland,Northern,Australia,2015,10,11,High Priority Level 2,Double Size,G6R220,Product Replaced Like-for-Like with Additional Contribution,Complete
,XXX6876269XXX,  Michael  ,GF-L-676,HQ.5005.AAQ,5,19/11/2019,28/12/2019,20/09/2022,21/11/2022,25/12/2022,,,,,,,,,,,,,,,,,,,3690,VIC,Victoria,Southern,Australia,2017,9,14,High Priority Level 2,Double Size,G6R220,Incomplete Resolution,Complete
,XXX5314003XXX,  Michael  ,GF-L-676,HQ.5005.AAU,5,27/08/2018,18/09/2018,30/07/2024,4/08/2024,10/09/2024,,,,,,,,,,,,,,,,,,,4220,QLD,Queensland,Northern,Australia,2015,1,20,Medium Priority,Double Size,G6R220,Incomplete Resolution,Complete
,XXX5660831XXX,  Karen  ,GF-L-676,HQ.5005.AAI,11,21/05/2004,11/06/2004,15/06/2004,18/06/2004,28/06/2004,10/07/2004,21/07/2004,25/07/2004,6/05/2014,6/03/2022,24/11/2024,,,,,,,,,,,,,2759,NSW,New South Wales,Eastern,Australia,2016,9,15,High Priority Level 1,Double Size,G6R220,Corp. Payment Approved,Complete
1471.50657,XXX7125830XXX,Christian,GF-L-21,HQ.5005.AAA,14,26/08/2005,1/09/2005,19/09/2005,23/09/2005,25/09/2005,30/09/2005,12/10/2005,8/11/2005,11/11/2005,15/11/2005,15/11/2005,16/11/2005,19/11/2005,20/11/2005,,,,,101004.1,24702.36,27141.96,25922.16,27872.74,3941,VIC,Victoria,Southern,Australia,2018,2,15,High Priority Level 2,Double Size,G6R153,Product Replaced Like-for-Like,Complete
30479.72918,XXX1008344XXX,  Regina  ,GF-L-676,HQ.5005.AAU,13,22/10/2002,17/11/2002,24/11/2008,12/02/2009,1/11/2010,28/11/2010,18/01/2011,12/11/2011,12/12/2011,18/12/2012,20/12/2012,12/01/2016,5/12/2021,,,,,,143703.5,33648.21,36710.67,35179.44,36979.1,6157,WA,Western Australia,Western,Australia,2008,8,13,High Priority Level 2,Double Size,G6R220,Product Returned with Additional Contribution,Complete
-21725.52413,XXX6460053XXX,  Janice  ,GF-L-676,HQ.5005.AAU,12,4/04/2005,27/04/2005,29/04/2005,13/06/2005,25/05/2006,30/05/2006,30/04/2016,14/05/2016,21/05/2016,15/03/2020,28/11/2029,11/04/2030,,,,,,,124522.9,35314.42,39384.92,37349.67,39609.25,3207,VIC,Victoria,Southern,Australia,2016,9,18,High Priority Level 1,Double Size,G6R220,Product Returned with Additional Contribution,Complete
,XXX845006XXX,  Michael  ,GF-L-676,HQ.5005.AAQ,5,11/08/2008,11/07/2011,14/06/2018,16/07/2020,21/08/2020,,,,,,,,,,,,,,,,,,,,,,,Australia,2015,1,17,Medium Priority,Double Size,G6R220,Icomplete Resolution,Complete
,XXX1959297XXX,  Elaine  ,GF-L-676,HQ.5005.AAU,,,,,,,,,,,,,,,,,,,,,,,,,,,,,Australia,2005,7,17,Standard Inquiry,Double Size,G6R220,,Complete
,XXX25641XXX,  Michael  ,GT-L-12,HQ.5005.AAU,3,9/11/2003,15/11/2027,10/11/2028,,,,,,,,,,,,,,,,,,,,,2076,NSW,New South Wales,Eastern,Australia,2004,8,15,Standard Inquiry,Long Block,G5R772,Incomplete Resolution,Complete
,XXX5207939XXX,  OLIVIA  ,GE-L-181,YQ.5005.AAI,5,27/09/2020,29/09/2020,29/11/2020,30/08/2028,15/09/2028,,,,,,,,,,,,,,,,,,,2906,ACT,Australian Capital Territory,Eastern,Australia,2003,8,16,High Priority Level 2,Long Block,G0R445,Incomplete Resolution,Complete
,XXX7007392XXX,  OLIVIA  ,TT-L-1,KQ.5005.AAK,3,16/05/2001,21/05/2012,10/05/2029,,,,,,,,,,,,,,,,,,,,,,,,,Australia,2007,9,20,Standard Inquiry,Block,T1R410,Incomplete Resolution,Complete
,XXX5388173XXX,  Mike  ,NL-L-23,XQ.5005.AAU,3,10/06/2010,7/05/2020,15/06/2027,,,,,,,,,,,,,,,,,,,,,,,,,Australia,2015,3,19,Standard Inquiry,Long Block,N0R742,Incomplete Resolution,Complete
,XXX1851028XXX,  OLIVIA  ,GF-L-21,HQ.5005.AAA,5,10/12/2008,14/12/2008,17/01/2009,21/01/2009,23/02/2009,,,,,,,,,,,,,,,,,,,3021,VIC,Victoria,Southern,Australia,2008,10,17,High Priority Level 2,Double Size,G6R153,Icomplete Resolution,Complete
,XXX1522807XXX,  Michael  ,GF-L-676,HQ.5005.AAU,7,11/10/2008,12/12/2008,19/12/2018,19/11/2021,30/11/2021,7/12/2021,11/12/2021,,,,,,,,,,,,,,,,,2190,NSW,New South Wales,Eastern,Australia,2024,8,12,High Priority Level 2,Double Size,G6R220,Incomplete Resolution,Complete
,XXX5966988XXX,  JERRY  ,GF-L-676,HQ.5005.AAU,5,18/05/2001,3/06/2001,24/04/2002,21/06/2027,17/07/2027,,,,,,,,,,,,,,,,,,,6060,WA,Western Australia,Western,Australia,2010,12,14,High Priority Level 2,Double Size,G6R220,Incomplete Resolution,Complete
19616.38718,XXX3587398XXX,  CALVIN  ,GF-L-676,HQ.5005.AAU,10,8/04/2006,13/03/2010,3/02/2012,28/06/2012,5/03/2015,12/03/2015,19/05/2019,24/04/2023,29/04/2027,24/01/2030,,,,,,,,,,,,,,,,,,Australia,2009,12,14,Standard Inquiry,Double Size,G6R220,Product Replaced Like-for-Like,In Progress
,XXX6725207XXX,  OLIVIA  ,MK-L-10,BQ.5005.AAK,3,18/07/2017,4/07/2021,29/05/2024,,,,,,,,,,,,,,,,,,,,,2765,NSW,New South Wales,Eastern,Australia,2016,12,14,Standard Inquiry,5 Door Structure,M2R451,Incomplete Resolution,Complete
,XXX2325298XXX,  Breland  ,GF-L-676,HQ.5005.AAU,5,20/01/2031,13/02/2031,21/03/2031,26/03/2031,30/03/2031,,,,,,,,,,,,,,,,,,,3182,VIC,Victoria,Southern,Australia,2014,1,17,High Priority Level 2,Double Size,G6R220,Incomplete Resolution,Complete
,XXX1072948XXX,  Mike  ,GF-L-676,HQ.5005.AAU,5,6/05/2001,9/06/2005,13/06/2012,27/04/2016,30/05/2016,,,,,,,,,,,,,,,,,,,2566,NSW,New South Wales,Eastern,Australia,2020,1,13,High Priority Level 2,Double Size,G6R220,Incomplete Resolution,Complete
-28212.34258,XXX8349454XXX,  David  ,GF-L-676,Q3.5005.AAM,13,3/06/2001,5/07/2007,5/05/2009,3/05/2011,24/04/2012,25/06/2012,9/06/2013,12/05/2018,15/05/2019,29/05/2019,18/04/2026,3/06/2026,2/04/2031,,,,,,,,,,,,,,,Australia,2022,2,11,Standard Inquiry,Double Size (Limited),G6R220,Product Replaced Like-for-Like with Additional Contribution,Complete
,XXX3251766XXX,  Michael  ,GF-L-676,Q3.5005.AAA,5,25/11/2003,26/12/2003,14/01/2007,27/02/2009,13/03/2009,,,,,,,,,,,,,,,,,,,4800,QLD,Queensland,Northern,Australia,2007,10,17,High Priority Level 2,Double Size (Limited),G6R220,Incomplete Resolution,Complete
4228.344939,XXX3540420XXX,  Kevin,MY-L-12,BQ.5005.AAO,13,20/04/2001,13/05/2001,30/03/2006,24/06/2006,25/04/2010,24/06/2010,7/04/2019,24/01/2021,9/01/2022,28/05/2025,10/06/2025,11/06/2025,29/04/2027,,,,,,,,,,,2750,NSW,New South Wales,Eastern,Australia,2019,11,18,Standard Inquiry,5 Door Adjusted,M2R736,Product Replaced Like-for-Likee,Complete
888.8490564,XXX1435793XXX,  Manar  ,GF-L-68,HQ.5005.AAY,15,15/06/2006,1/10/2007,22/10/2007,28/09/2010,6/08/2012,29/06/2015,14/09/2017,2/10/2017,15/06/2019,9/08/2019,28/07/2022,9/08/2022,23/09/2024,12/10/2024,2/08/2027,,,,62354.09,28209.29,31386.43,29797.86,31933.3,6059,WA,Western Australia,Western,Australia,2024,2,20,High Priority Level 2,Long Block,G6R996,Product Returned with Additional Contribution,Complete
,XXX3838081XXX,  Mike  ,GF-L-68,HQ.5005.AAI,5,23/03/2003,13/04/2004,10/06/2004,27/06/2004,5/04/2022,,,,,,,,,,,,,,,,,,,3805,VIC,Victoria,Southern,Australia,2023,12,16,High Priority Level 2,Long Block,G6R996,Incomplete Resolution,Complete
27010.2867,XXX2398848XXX,  Regina  ,GF-L-70,Q3.5005.AAM,15,23/11/2004,2/12/2007,27/07/2008,30/11/2008,5/08/2011,19/09/2018,7/09/2019,3/09/2022,6/09/2024,22/09/2024,10/10/2024,12/09/2027,9/08/2028,8/09/2028,9/10/2028,,,,109625.9,16428.81,18747.73,17588.27,19609.8,,,,,Australia,2018,5,19,High Priority Level 2,Single (Backed),G2R308,Product Returned with Additional Contribution,Complete
,XXX6997755XXX,  Regina  ,GF-L-676,HQ.5005.AAI,4,26/08/2010,23/09/2022,17/10/2022,28/10/2022,,,,,,,,,,,,,,,,,,,,4118,QLD,Queensland,Northern,Australia,2005,7,19,Special Inquiry,Double Size,G6R220,Incomplete Resolution,Complete
47522.97364,XXX1336311XXX,  Brooke  ,GF-L-676,HQ.5005.AAU,13,18/02/2006,28/10/2006,27/01/2008,26/11/2014,7/11/2018,12/11/2019,9/12/2019,24/01/2020,22/11/2020,23/11/2020,23/10/2027,9/10/2028,15/11/2029,,,,,,158568.7,35968.48,38517.86,37243.17,39489.75,4159,QLD,Queensland,Northern,Australia,2006,5,14,High Priority Level 2,Double Size,G6R220,Product Returned,Complete
,XXX6527919XXX,  OLIVIA  ,GE-L-181,YQ.5005.AAI,5,29/12/2001,8/01/2006,6/12/2023,12/12/2026,4/01/2027,,,,,,,,,,,,,,,,,,,6020,WA,Western Australia,Western,Australia,2027,8,13,High Priority Level 2,Long Block,G0R445,Incomplete Resolution,Complete
,XXX1105132XXX,  Rachael  ,GF-L-676,HQ.5005.AAU,5,9/04/2014,25/02/2019,17/03/2019,18/12/2028,22/10/2030,,,,,,,,,,,,,,,,,,,2565,NSW,New South Wales,Eastern,Australia,2011,10,14,High Priority Level 2,Double Size,G6R220,Incomplete Resolution,Complete
,XXX3815674XXX,  Christina  ,GF-L-676,HQ.5005.AAA,5,25/08/2021,5/09/2021,25/08/2026,11/10/2026,19/10/2027,,,,,,,,,,,,,,,,,,,3444,VIC,Victoria,Southern,Australia,2022,6,17,High Priority Level 2,Double Size,G6R220,Incomplete Resolution,Complete
,XXX8672982XXX,  Michael  ,GE-L-181,YQ.5005.AAI,5,5/03/2010,16/03/2016,21/03/2016,13/03/2028,12/04/2029,,,,,,,,,,,,,,,,,,,,,,,Australia,2023,12,11,High Priority Level 2,Long Block,G0R445,Incomplete Resolution,Complete
-8903.234905,XXX2235432XXX,  Regina  ,GF-L-676,HQ.5005.AAU,13,25/05/2003,7/06/2003,8/05/2004,22/03/2005,4/05/2005,18/05/2009,2/05/2012,26/06/2012,23/03/2013,9/07/2014,25/03/2017,21/04/2023,3/04/2027,,,,,,195258.1,35448.23,39430.05,37439.14,40087.3,3207,VIC,Victoria,Southern,Australia,2028,11,17,High Priority Level 2,Double Size,G6R220,Product Returned,Complete
,XXX4038307XXX,  Rachael  ,GF-L-676,HQ.5005.AAU,5,2/04/2002,18/04/2003,5/05/2003,25/05/2018,26/03/2022,,,,,,,,,,,,,,,,,,,2110,NSW,New South Wales,Eastern,Australia,2009,6,11,Low Level Inquiry,Double Size,G6R220,Incomplete Resolution,Complete
14684.14036,XXX2059745XXX,  Christina  ,GF-L-676,HQ.5005.AAU,16,2/07/2001,5/07/2003,15/10/2003,29/08/2006,25/06/2009,21/07/2009,26/08/2018,27/05/2021,9/08/2025,21/06/2026,29/08/2026,23/06/2030,20/07/2030,7/08/2030,13/08/2030,15/09/2030,,,,,,,,3135,VIC,Victoria,Southern,Australia,2015,1,18,Medium Priority,Double Size,G6R220,Corp. Payment Approved,Complete
-47074.70996,XXX5877248XXX,  Christina  ,GF-L-676,HQ.5005.AAM,15,20/04/2006,26/08/2006,8/09/2007,11/07/2009,4/09/2009,4/03/2011,29/03/2011,25/04/2012,4/05/2014,17/06/2014,24/12/2016,14/03/2017,10/02/2019,1/06/2029,7/09/2029,,,,105904.6,,,,,2485,NSW,New South Wales,Eastern,Australia,2008,10,19,High Priority Level 2,Extra,G6R220,Product Returned with Additional Contribution,Complete
-6451.572243,XXX1962517XXX,  Mike  ,VH-L-21,ZQ.5005.AAA,13,22/07/2002,3/10/2002,9/09/2008,2/07/2021,14/07/2021,5/08/2021,23/08/2021,28/07/2022,2/09/2022,26/06/2027,2/07/2027,5/08/2027,25/07/2028,,,,,,,,,,,,,,,Australia,2020,6,16,Standard Inquiry,Long Block,V0R891,Product Replaced Like-for-Like,Complete
-13986.6059,XXX725149XXX,  Mike  ,MK-L-10,BQ.5005.AAK,11,23/08/2010,20/10/2010,24/10/2010,28/03/2011,13/04/2011,17/10/2011,28/09/2016,7/10/2016,23/10/2021,21/01/2023,28/03/2023,,,,,,,,,,,,,,,,,Australia,2030,12,17,Short Term,5 Door Structure,M2R451,Product Returned with Additional Contribution,Complete
,XXX6817264XXX,  OLIVIA  ,GE-L-181,YQ.5005.AAI,5,12/11/2014,12/11/2019,10/12/2020,13/11/2021,17/11/2021,,,,,,,,,,,,,,,,,,,2750,NSW,New South Wales,Eastern,Australia,2022,9,20,High Priority Level 2,Long Block,G0R445,Incomplete Resolution,Complete
,XXX3527668XXX,  Rachael  ,GE-L-181,YQ.5005.AAI,5,23/04/2015,16/05/2015,24/03/2019,10/04/2019,6/05/2019,,,,,,,,,,,,,,,,,,,4151,QLD,Queensland,Northern,Australia,2009,6,12,Low Level Inquiry,Long Block,G0R445,Icomplete Resolution,Complete
-37169.75775,XXX6267083XXX,  Christina  ,GF-L-676,HQ.5005.AAU,13,22/10/2001,20/02/2004,16/12/2004,12/02/2007,28/01/2015,12/02/2015,9/03/2015,13/12/2015,30/01/2017,8/03/2019,4/01/2020,18/11/2022,27/11/2029,,,,,,141408.3,33871.74,37111.16,35491.45,37643.98,2158,NSW,New South Wales,Eastern,Australia,2003,9,13,High Priority Level 2,Double Size,G6R220,Product Returned,Complete
,XXX1354080XXX,  Mike  ,GF-L-676,HQ.5005.AAU,5,8/07/2014,4/05/2021,21/04/2026,6/05/2027,20/06/2027,,,,,,,,,,,,,,,,,,,2168,NSW,New South Wales,Eastern,Australia,2022,12,12,High Priority Level 2,Double Size,G6R220,Incomplete Resolution,Complete
-11991.62505,XXX4639375XXX,  Manar  ,GF-L-676,HQ.5005.AAU,13,25/04/2003,9/06/2003,19/08/2005,3/05/2007,2/03/2011,4/04/2012,20/04/2012,25/02/2013,19/09/2015,21/05/2018,14/07/2022,27/04/2026,18/06/2026,,,,,,74460.52,38559.31,42060.04,40309.67,42423.77,4069,QLD,Queensland,Northern,Australia,2031,1,20,High Priority Level 2,Double Size,G6R220,Product Returned with Additional Contribution,Complete
,XXX2027729XXX,  Rachael  ,GF-L-676,HQ.5005.AAU,5,19/03/2009,25/03/2009,7/05/2015,6/04/2016,10/05/2016,,,,,,,,,,,,,,,,,,,4350,QLD,Queensland,Northern,Australia,2009,6,19,Low Level Inquiry,Double Size,G6R220,Incomplete Resolution,Complete
,XXX8294843XXX,  Michael  ,GF-L-676,HQ.5005.AAU,5,27/12/2008,3/11/2009,19/11/2019,25/11/2019,29/11/2019,,,,,,,,,,,,,,,,,,,6155,WA,Western Australia,Western,Australia,2018,9,19,High Priority Level 2,Double Size,G6R220,Incomplete Resolution,Complete
,XXX7197745XXX,  Michael  ,GF-L-676,HQ.5005.AAU,5,18/06/2008,20/06/2008,29/04/2015,14/04/2017,18/04/2017,,,,,,,,,,,,,,,,,,,2147,NSW,New South Wales,Eastern,Australia,2025,11,18,High Priority Level 2,Double Size,G6R220,Incomplete Resolution,Complete
,XXX2992053XXX,  Christopher  ,GF-L-676,HQ.5005.AAU,5,14/07/2004,29/06/2007,1/07/2011,10/07/2020,19/06/2026,,,,,,,,,,,,,,,,,,,2211,NSW,New South Wales,Eastern,Australia,2012,3,17,High Priority Level 2,Double Size,G6R220,Incomplete Resolution,Complete
,XXX2018513XXX,  Michael  ,GF-L-676,HQ.5005.AAU,5,5/02/2009,25/12/2021,28/12/2022,11/01/2023,26/01/2023,,,,,,,,,,,,,,,,,,,3175,VIC,Victoria,Southern,Australia,2016,10,17,High Priority Level 2,Double Size,G6R220,Incomplete Resolution,Complete
,XXX1685278XXX,  Mike  ,GF-L-676,HQ.5005.AAU,5,2/05/2013,19/04/2016,3/06/2027,28/03/2030,14/06/2030,,,,,,,,,,,,,,,,,,,3207,VIC,Victoria,Southern,Australia,2019,2,18,High Priority Level 2,Double Size,G6R220,Incomplete Resolution,Complete
1981.932363,XXX3029573XXX,  Janice  ,GF-L-676,HQ.5005.AAU,16,7/01/2010,31/10/2010,12/05/2011,20/12/2013,25/01/2016,27/01/2016,3/07/2016,20/12/2016,25/12/2016,25/12/2016,3/01/2017,4/12/2021,15/12/2022,18/12/2022,27/05/2023,12/11/2023,,,132960.1,35425.8,38969.21,37197.51,39031.47,2212,NSW,New South Wales,Eastern,Australia,2026,8,15,High Priority Level 2,Double Size,G6R220,Product Replaced Like-for-Like with Additional Contribution,Complete
,XXX3685090XXX,  Rachael  ,GF-L-676,HQ.5005.AAU,5,24/10/2021,12/08/2022,28/07/2024,9/08/2024,21/10/2024,,,,,,,,,,,,,,,,,,,,,,,Australia,2008,6,14,Low Level Inquiry,Double Size,G6R220,Incomplete Resolution,Complete
,XXX1487764XXX,  Michael  ,GF-L-68,HQ.5005.AAY,5,10/11/2014,26/10/2016,9/01/2017,19/10/2025,15/10/2029,,,,,,,,,,,,,,,,,,,6248,WA,Western Australia,Western,Australia,2001,9,18,High Priority Level 2,Long Block,G6R996,Icomplete Resolution,Complete
-7180.945034,XXX3208589XXX,  Regina  ,GF-L-70,Q3.5005.AAM,16,21/08/2001,7/09/2001,29/12/2001,27/02/2002,10/11/2013,25/10/2018,15/11/2018,22/11/2018,21/01/2019,21/01/2019,10/11/2022,6/10/2025,22/10/2027,8/11/2027,1/10/2028,19/10/2028,,,171494.5,14000.76,15921.3,14961.03,16328.63,3207,VIC,Victoria,Southern,Australia,2013,6,17,High Priority Level 2,Single (Backed),G2R308,Product Replaced Like-for-Like with Additional Contribution,Complete
,XXX490007XXX,  CALVIN  ,NL-L-19,XQ.5005.AAU,3,11/09/2001,27/07/2003,5/08/2003,,,,,,,,,,,,,,,,,,,,,5096,SA,South Australia,Central,Australia,2027,1,14,Standard Inquiry,Long Block,N0R217,Icomplete Resolution,Complete
,XXX5325586XXX,  OLIVIA  ,GE-L-181,YQ.5005.AAI,5,31/12/2022,4/01/2023,16/02/2025,29/01/2031,11/02/2031,,,,,,,,,,,,,,,,,,,2323,NSW,New South Wales,Eastern,Australia,2023,11,19,High Priority Level 2,Long Block,G0R445,Icomplete Resolution,Complete
-6424.839425,XXX4714682XXX,  Brooke  ,GF-L-676,HQ.5005.AAU,13,9/07/2004,4/08/2004,8/11/2004,22/11/2004,26/11/2004,15/09/2008,29/10/2008,22/11/2014,20/09/2016,8/10/2016,24/10/2023,16/10/2025,26/08/2029,,,,,,90104.03,38297.25,41443.02,39870.13,42018.98,6556,WA,Western Australia,Western,Australia,2001,5,17,High Priority Level 2,Double Size,G6R220,Product Returned with Additional Contrib,Complete
-6827.175433,XXX5775149XXX,  Brooke  ,GF-L-676,HQ.5005.AAU,16,3/10/2007,2/11/2007,12/11/2008,4/09/2011,26/10/2014,21/12/2014,9/12/2015,10/11/2016,17/11/2016,23/09/2017,24/09/2017,29/09/2017,28/10/2017,18/11/2017,4/11/2024,28/10/2030,,,,,,,,2750,NSW,New South Wales,Eastern,Australia,2009,7,13,High Priority Level 2,Double Size,G6R220,Corp. Payment Approved,Complete
28477.79539,XXX6325257XXX,Christian,GE-L-181,YQ.5005.AAI,4,2/04/2005,29/03/2011,27/01/2025,22/03/2025,,,,,,,,,,,,,,,,,,,,,,,,Australia,2021,1,14,Standard Inquiry,Long Block,G0R445,Product Replaced Like-for-Like,Complete
,XXX2195979XXX,  Christina  ,AZ-R-8,BQ.5005.AAO,3,24/09/2001,17/09/2002,22/08/2024,,,,,,,,,,,,,,,,,,,,,,,,,Australia,2028,5,12,Standard Inquiry,5 Door Adjusted,A2R639,Incomplete Resolution,Complete
,XXX60607XXX,  Rachael  ,GF-L-676,HQ.5005.AAU,5,17/06/2011,22/07/2011,23/05/2016,30/04/2023,7/04/2030,,,,,,,,,,,,,,,,,,,2760,NSW,New South Wales,Eastern,Australia,2004,3,11,High Priority Level 2,Double Size,G6R220,Incomplete Resolution,Complete
-8645.006333,XXX6714883XXX,  Manar  ,GF-L-676,HQ.5005.AAU,16,28/03/2002,28/02/2007,20/12/2011,21/01/2012,13/05/2014,4/12/2018,1/01/2019,13/01/2019,23/03/2019,9/01/2026,28/01/2028,9/03/2028,9/01/2029,4/03/2029,20/01/2030,22/04/2030,,,136718.8,35998.57,39409.4,37703.98,40377.76,6076,WA,Western Australia,Western,Australia,2025,9,15,High Priority Level 2,Double Size,G6R220,Product Replaced Like-for-Like with Additional Contribution,Complete
,XXX7232968XXX,  Danielle  ,GT-L-19,HQ.5005.AAU,4,27/09/2004,28/08/2011,2/07/2017,2/07/2021,,,,,,,,,,,,,,,,,,,,3025,VIC,Victoria,Southern,Australia,2014,5,11,Standard Inquiry,Long Block,G0R286,Incomplete Resolution,Complete
,XXX7982049XXX,Christian,GF-L-68,HQ.5005.AAY,2,30/05/2008,28/06/2010,,,,,,,,,,,,,,,,,,,,,,7304,TAS,Tasmania,Southern,Australia,2017,4,11,Standard Inquiry,Long Block,G6R996,,Complete
,XXX4214760XXX,  Regina  ,GF-L-676,HQ.5005.AAI,10,19/10/2005,9/09/2008,23/12/2009,15/10/2011,8/09/2015,23/09/2023,28/09/2023,25/07/2024,24/08/2027,11/09/2029,,,,,,,,,143517.1,32035.36,35799.93,33917.64,36633.46,2060,NSW,New South Wales,Eastern,Australia,2007,6,14,Special Inquiry,Double Size,G6R220,Product Replaced Like-for-Likee,Complete
-2512.781354,XXX4522265XXX,  Janice  ,GF-L-676,HQ.5005.AAU,17,23/04/2001,16/08/2003,10/09/2003,6/08/2005,1/07/2006,7/07/2013,12/07/2014,18/08/2015,23/05/2020,26/06/2022,2/07/2027,26/04/2028,7/05/2028,15/05/2028,21/05/2028,21/03/2030,6/04/2031,,93253.87,38251.63,41781.56,40016.59,42332.73,3207,VIC,Victoria,Southern,Australia,2013,2,16,High Priority Level 2,Double Size,G6R220,Product Replaced Like-for-Like with Additional Contribution,Complete
,XXX7463439XXX,  Mike  ,GF-L-676,HQ.5005.AAI,5,21/09/2002,13/11/2002,15/10/2026,24/10/2026,28/10/2026,,,,,,,,,,,,,,,,,,,2210,NSW,New South Wales,Eastern,Australia,2008,5,20,High Priority Level 2,Double Size,G6R220,Incomplete Resolution,Complete
,XXX2943371XXX,  Michael  ,GF-L-676,HQ.5005.AAU,5,14/11/2014,22/11/2015,4/01/2016,3/10/2021,26/12/2022,,,,,,,,,,,,,,,,,,,4034,QLD,Queensland,Northern,Australia,2031,8,13,High Priority Level 2,Double Size,G6R220,Incomplete Resolution,Complete
,XXX133873XXX,  CALVIN  ,GF-L-676,HQ.5005.AAU,5,25/02/2004,8/02/2005,7/03/2005,1/02/2024,17/03/2025,,,,,,,,,,,,,,,,,,,4113,QLD,Queensland,Northern,Australia,2019,11,19,High Priority Level 2,Double Size,G6R220,Incomplete Resolution,Complete
,XXX5786731XXX,  Mike  ,GF-L-676,Q3.5005.AAA,5,8/08/2023,6/09/2024,25/09/2026,16/08/2029,22/08/2029,,,,,,,,,,,,,,,,,,,3011,VIC,Victoria,Southern,Australia,2015,4,13,High Priority Level 2,Double Size (Limited),G6R220,Incomplete Resolution,Complete
-30646.89798,XXX4637092XXX,  Regina  ,GF-L-676,HQ.5005.AAU,15,3/04/2002,25/05/2003,19/01/2005,20/01/2005,9/02/2007,5/01/2008,2/02/2008,21/03/2008,27/01/2010,13/12/2011,3/02/2012,14/01/2013,23/02/2027,20/03/2027,19/02/2029,,,,76898.62,35550.05,38983.96,37267,39411.32,4565,QLD,Queensland,Northern,Australia,2012,10,20,High Priority Level 2,Double Size,G6R220,Product Returned with Additional Contribution,Complete
30164.80829,XXX5057716XXX,  Regina  ,GE-L-181,YQ.5005.AAI,13,19/12/2001,13/10/2002,10/11/2002,23/12/2013,14/12/2016,11/11/2018,19/12/2018,22/12/2018,30/11/2022,9/12/2022,14/11/2030,1/01/2031,8/01/2031,,,,,,185946.5,43191.46,47371.53,45281.49,47627.91,4560,QLD,Queensland,Northern,Australia,2006,8,19,High Priority Level 2,Long Block,G0R445,Product Returned with Additional Contribution,Complete
-9313.810104,XXX3355422XXX,  Manar  ,GF-L-70,Q3.5005.AAM,13,4/11/2003,6/04/2004,9/06/2004,26/07/2009,19/05/2010,9/10/2011,19/07/2015,8/10/2015,11/10/2015,17/12/2017,5/05/2018,2/10/2021,13/05/2027,,,,,,193951.3,16479.98,18545.11,17512.55,18578.67,4114,QLD,Queensland,Northern,Australia,2021,2,12,High Priority Level 2,Single (Backed),G2R308,Product Returned with Additional Contribution,Complete
67735.44367,XXX2366630XXX,  Regina  ,GF-L-676,HQ.5005.AAU,15,23/10/2002,29/10/2002,25/10/2003,24/12/2003,29/12/2003,3/12/2004,21/01/2005,26/01/2005,15/02/2005,5/02/2014,11/03/2014,4/12/2015,27/03/2017,25/11/2022,6/01/2023,,,,132032,34074.42,37090.18,35582.3,37332.05,6230,WA,Western Australia,Western,Australia,2019,8,17,High Priority Level 2,Double Size,G6R220,Product Returned with Additional Contrib,Complete
-6332.407445,XXX6887763XXX,  Christina  ,GE-L-181,YQ.5005.AAM,13,14/01/2003,18/11/2005,3/12/2005,5/12/2005,24/11/2007,11/12/2007,1/12/2010,18/01/2011,21/12/2015,4/02/2017,14/01/2019,24/10/2020,9/02/2023,,,,,,106550.2,38457.04,42601.26,40529.15,42844.91,6716,WA,Western Australia,Western,Australia,2007,9,20,High Priority Level 2,Long Block,G0R445,Product Returned with Additional Contribution,Complete
16271.25589,XXX730707XXX,  Kat  ,GF-L-676,HQ.5005.AAU,13,10/12/2002,7/04/2003,6/12/2003,24/11/2007,15/12/2007,31/03/2008,26/05/2015,7/11/2015,13/05/2016,19/05/2016,22/06/2019,6/11/2022,27/05/2030,,,,,,106703.6,35533.21,39149.18,37341.2,39348.1,4873,QLD,Queensland,Northern,Australia,2031,8,16,High Priority Level 2,Double Size,G6R220,Product Returned with Additional Contribution,Complete
26351.6172,XXX2363701XXX,  Janice  ,GF-L-676,HQ.5005.AAU,13,18/09/2001,30/08/2002,19/09/2007,5/09/2008,24/09/2008,22/11/2008,1/08/2010,25/09/2020,28/09/2023,8/10/2026,19/10/2026,13/09/2027,14/10/2027,,,,,,75214.72,33934.4,37454.31,35694.35,38254.67,6164,WA,Western Australia,Western,Australia,2005,7,20,Special Inquiry,Double Size,G6R220,Product Returned with Additional Contribution,Complete
-39160.55618,XXX736888XXX,  Regina  ,GF-L-676,HQ.5005.AAU,11,21/01/2003,23/02/2006,21/04/2007,21/01/2013,14/04/2013,16/04/2016,22/04/2016,20/12/2023,22/03/2024,23/04/2024,25/11/2030,,,,,,,,52231.11,35244.56,39428.28,37336.42,40019.52,2198,NSW,New South Wales,Eastern,Australia,2016,9,13,High Priority Level 1,Double Size,G6R220,Product Returned,Complete
,XXX6207573XXX,  LIZ  ,GF-L-676,HQ.5005.AAI,4,27/07/2016,29/08/2029,12/09/2029,27/10/2029,,,,,,,,,,,,,,,,,,,,2528,NSW,New South Wales,Eastern,Australia,2007,6,16,Special Inquiry,Double Size,G6R220,Icomplete Resolution,Complete
,XXX5933721XXX,  Mike  ,GF-L-676,HQ.5005.AAU,5,9/01/2002,24/01/2002,18/12/2024,20/10/2025,17/12/2029,,,,,,,,,,,,,,,,,,,4880,QLD,Queensland,Northern,Australia,2004,6,16,High Priority Level 2,Double Size,G6R220,Incomplete Resolution,Complete
,XXX3675273XXX,  Michael  ,GF-L-676,Q3.5005.AAI,5,28/11/2001,10/12/2015,20/10/2019,23/01/2020,11/11/2028,,,,,,,,,,,,,,,,,,,2194,NSW,New South Wales,Eastern,Australia,2004,9,15,High Priority Level 2,Double Size (Limited),G6R220,Icomplete Resolution,Complete
-62940.01553,XXX3930445XXX,  Janice  ,GF-L-676,HQ.5005.AAU,14,10/10/2001,21/10/2007,25/08/2009,23/09/2009,25/08/2010,6/11/2015,4/01/2016,13/11/2016,11/12/2016,1/10/2024,10/12/2024,5/10/2026,8/09/2028,25/10/2028,,,,,98888.5,35937.32,38710.05,37323.68,39130.18,6025,WA,Western Australia,Western,Australia,2008,7,17,Special Inquiry,Double Size,G6R220,Product Returned with Additional Contrib,Complete
-72270.4073,XXX1764982XXX,  Manar  ,GE-L-181,YQ.5005.AAI,13,8/03/2002,29/01/2006,23/03/2006,8/01/2014,9/01/2014,26/04/2015,12/04/2016,12/01/2017,25/01/2017,24/02/2017,11/01/2019,18/02/2021,2/02/2031,,,,,,71793.66,49658.83,54201.73,51930.28,54885.45,7018,TAS,Tasmania,Southern,Australia,2029,11,18,High Priority Level 2,Long Block,G0R445,Product Returned with Additional Contribution,Complete
,XXX6720206XXX,  Michael  ,GF-L-676,Q3.5005.AAI,5,16/06/2004,30/03/2012,13/04/2017,29/04/2017,10/06/2017,,,,,,,,,,,,,,,,,,,3777,VIC,Victoria,Southern,Australia,2001,2,18,High Priority Level 2,Double Size (Limited),G6R220,Incomplete Resolution,Complete
,XXX175718XXX,  Michael  ,NL-L-23,XQ.5005.AAU,2,17/11/2013,2/09/2016,,,,,,,,,,,,,,,,,,,,,,4703,QLD,Queensland,Northern,Australia,2022,6,11,Standard Inquiry,Long Block,N0R742,Incomplete Resolution,Complete
6589.965888,XXX586643XXX,  Regina  ,GF-L-676,HQ.5005.AAU,15,10/10/2002,3/11/2003,25/11/2003,5/12/2004,23/01/2005,10/11/2005,8/11/2006,29/11/2009,15/10/2012,11/11/2012,19/10/2025,8/09/2029,24/11/2029,3/10/2030,23/10/2030,,,,94706.83,34037.43,36736.62,35387.02,36935.64,6064,WA,Western Australia,Western,Australia,2007,8,20,High Priority Level 2,Double Size,G6R220,Product Returned with Additional Contrib,Complete
,XXX5088934XXX,  Mike  ,GF-L-676,Q3.5005.AAI,5,1/12/2005,21/11/2009,10/12/2009,1/12/2010,8/12/2010,,,,,,,,,,,,,,,,,,,2795,NSW,New South Wales,Eastern,Australia,2029,6,13,High Priority Level 2,Extra (Limited),G6R220,Incomplete Resolution,Complete
,XXX3479121XXX,  JERRY  ,GF-L-68,HQ.5005.AAI,5,3/12/2019,20/12/2019,20/11/2025,11/12/2025,16/02/2026,,,,,,,,,,,,,,,,,,,2525,NSW,New South Wales,Eastern,Australia,2022,5,14,High Priority Level 2,Long Block,G6R996,Icomplete Resolution,Complete
31314.84832,XXX4050745XXX,  Kat  ,AT-R-5,KQ.5005.AAU,11,11/05/2001,20/02/2003,9/04/2003,1/04/2005,21/03/2007,6/04/2007,2/04/2010,16/03/2014,22/03/2022,18/05/2026,9/04/2028,,,,,,,,,,,,,2380,NSW,New South Wales,Eastern,Australia,2004,8,11,Standard Inquiry,Medium,A0R420,Product Returned with Additional Contribution,Complete
-8447.290399,XXX6352253XXX,  Brooke  ,GF-L-68,HQ.5005.AAY,13,5/07/2003,24/09/2003,11/09/2010,27/07/2011,5/07/2012,22/06/2014,10/07/2015,28/07/2015,9/09/2019,3/06/2020,22/08/2024,15/06/2025,6/08/2030,,,,,,68661.4,24506.03,27691.98,26099,28670.72,6718,WA,Western Australia,Western,Australia,2022,3,14,High Priority Level 2,Long Block,G6R996,Product Returned with Additional Contrib,Complete
,XXX219450XXX,  OLIVIA  ,GF-L-676,HQ.5005.AAA,5,6/10/2015,14/12/2018,11/10/2029,3/11/2029,26/11/2029,,,,,,,,,,,,,,,,,,,2560,NSW,New South Wales,Eastern,Australia,2010,7,17,High Priority Level 2,Double Size,G6R220,Incomplete Resolution,Complete
-18214.96694,XXX5415915XXX,  Regina  ,GF-L-676,HQ.5005.AAI,12,19/09/2002,22/09/2002,17/09/2005,22/10/2005,13/10/2007,22/11/2007,22/10/2008,22/10/2017,29/11/2017,23/09/2030,13/08/2031,16/10/2031,,,,,,,102482.4,31919.64,36009.57,33964.6,36672.74,3561,VIC,Victoria,Southern,Australia,2018,6,17,Special Inquiry,Double Size,G6R220,Product Returned with Additional Contribution,Complete
,XXX2149473XXX,  Rachael  ,GF-L-676,HQ.5005.AAI,5,14/01/2008,27/01/2008,1/12/2008,1/01/2009,15/01/2009,,,,,,,,,,,,,,,,,,,5290,SA,South Australia,Central,Australia,2030,10,11,High Priority Level 2,Double Size,G6R220,Incomplete Resolution,Complete
,XXX1658266XXX,  Rachael  ,GF-L-676,HQ.5005.AAU,5,22/07/2001,5/09/2003,29/07/2023,22/07/2027,17/08/2027,,,,,,,,,,,,,,,,,,,2196,NSW,New South Wales,Eastern,Australia,2003,6,15,High Priority Level 2,Double Size,G6R220,Incomplete Resolution,Complete
,XXX7402614XXX,  Mike  ,GE-L-181,YQ.5005.AAI,5,2/06/2008,26/06/2008,18/05/2009,23/04/2011,19/06/2011,,,,,,,,,,,,,,,,,,,,,,,Australia,2021,8,12,High Priority Level 2,Long Block,G0R445,Incomplete Resolution,Complete
254.4772732,XXX4740560XXX,  Karen  ,GF-L-676,HQ.5005.AAU,16,26/01/2008,24/01/2010,2/04/2010,6/10/2016,9/10/2016,15/03/2021,13/12/2021,26/02/2022,18/11/2022,9/01/2023,14/01/2023,5/01/2024,29/12/2024,10/01/2027,29/01/2027,13/02/2027,,,90924.83,38091.93,42243.39,40167.66,42615.15,3064,VIC,Victoria,Southern,Australia,2028,8,19,High Priority Level 2,Double Size,G6R220,Product Replaced Like-for-Like with Additional Contribution,Complete
,XXX2066263XXX,  OLIVIA  ,GF-L-676,HQ.5005.AAU,5,26/09/2004,19/07/2008,22/07/2008,28/07/2021,3/07/2025,,,,,,,,,,,,,,,,,,,2196,NSW,New South Wales,Eastern,Australia,2007,4,20,High Priority Level 2,Double Size,G6R220,Incomplete Resolution,Complete
14844.21802,XXX3948483XXX,  Regina  ,GE-L-181,YQ.5005.AAI,11,13/01/2003,17/12/2004,6/02/2007,16/02/2009,22/12/2011,11/01/2014,14/02/2014,28/03/2014,7/03/2019,23/03/2020,4/01/2028,,,,,,,,42611.98,40062.25,43363.88,41713.06,44014.99,6308,WA,Western Australia,Western,Australia,2004,11,11,High Priority Level 1,Long Block,G0R445,Product Returned,Complete
,XXX8993153XXX,  Danielle  ,ZX-R-6,BQ.5005.AAK,4,5/08/2007,8/06/2014,25/07/2027,13/08/2028,,,,,,,,,,,,,,,,,,,,,,,,Australia,2015,3,12,Standard Inquiry,5 Door Structure,Z1R683,Incomplete Resolution,Complete
-40581.44368,XXX3649259XXX,  Kat  ,GF-L-676,HQ.5005.AAU,15,2/05/2005,9/02/2006,7/04/2006,3/04/2008,6/03/2010,22/04/2010,11/03/2012,13/01/2016,22/01/2019,23/03/2019,30/03/2019,3/03/2027,18/03/2027,26/12/2030,8/01/2031,,,,175035.7,35872.15,39007.6,37439.88,39875.41,2170,NSW,New South Wales,Eastern,Australia,2017,11,16,Low Level Inquiry,Double Size,G6R220,Product Returned with Additional Contribution,Complete
-20182.09622,XXX6358448XXX,  Christina  ,GF-L-676,HQ.5005.AAI,15,23/11/2002,19/11/2003,25/12/2003,20/06/2004,27/07/2009,11/07/2011,4/08/2011,30/12/2012,28/12/2013,27/09/2016,22/09/2018,20/11/2020,10/02/2023,19/05/2027,25/10/2028,,,,65924.84,37027.31,40396.51,38711.91,40784.31,6112,WA,Western Australia,Western,Australia,2015,1,18,Medium Priority,Double Size,G6R220,Product Returned with Additional Contribution,Complete
,XXX6023482XXX,  Michael  ,GF-L-676,HQ.5005.AAU,5,22/01/2003,26/01/2004,28/01/2004,20/02/2024,25/02/2028,,,,,,,,,,,,,,,,,,,3064,VIC,Victoria,Southern,Australia,2004,11,16,High Priority Level 2,Double Size,G6R220,Incomplete Resolution,Complete
,XXX2164887XXX,  Mike  ,GF-L-676,HQ.5005.AAU,5,6/02/2003,27/01/2012,12/12/2012,21/12/2012,12/01/2029,,,,,,,,,,,,,,,,,,,3631,VIC,Victoria,Southern,Australia,2006,10,19,High Priority Level 2,Double Size,G6R220,Incomplete Resolution,Complete
,XXX6881575XXX,  OLIVIA  ,GE-L-181,YQ.5005.AAI,7,7/11/2016,30/12/2022,6/01/2028,26/10/2028,27/12/2028,30/12/2028,16/01/2029,,,,,,,,,,,,,,,,,3167,VIC,Victoria,Southern,Australia,2029,9,15,High Priority Level 2,Long Block,G0R445,Icomplete Resolution,Complete
,XXX7570901XXX,  Rachael  ,GF-L-676,HQ.5005.AAU,5,3/09/2009,3/10/2009,3/09/2013,21/08/2015,25/10/2015,,,,,,,,,,,,,,,,,,,2281,NSW,New South Wales,Eastern,Australia,2008,6,17,Low Level Inquiry,Double Size,G6R220,Incomplete Resolution,Complete
,XXX3746295XXX,  Kat  ,GF-L-676,HQ.5005.AAU,13,22/02/2003,14/02/2013,11/02/2020,1/10/2021,21/12/2021,23/01/2022,26/10/2023,24/11/2024,23/02/2025,27/12/2026,22/01/2027,16/11/2028,11/01/2029,,,,,,167047.5,33283.52,37131.22,35207.37,38058.23,7320,TAS,Tasmania,Southern,Australia,2003,9,12,High Priority Level 2,Double Size,G6R220,Product Returne,Complete
,XXX5969591XXX,  Michael  ,GF-L-68,HQ.5005.AAW,5,18/02/2013,23/01/2023,24/02/2023,23/01/2024,1/12/2028,,,,,,,,,,,,,,,,,,,4514,QLD,Queensland,Northern,Australia,2009,9,17,High Priority Level 2,Long Block,G6R996,Incomplete Resolution,Complete
24721.53658,XXX534908XXX,  Christopher  ,GE-L-181,YQ.5005.AAI,15,10/08/2001,1/02/2005,24/01/2007,1/04/2007,9/08/2014,22/08/2014,1/07/2017,27/03/2018,11/04/2019,7/07/2026,29/01/2028,31/07/2028,6/02/2029,22/02/2029,28/02/2030,,,,,,,,,,,,,Australia,2013,11,18,Short Term,Long Block,G0R445,Product Replaced Like-for-Like with Additional Contribution,Complete
-12017.94847,XXX5104724XXX,  Kat  ,GF-L-676,HQ.5005.AAU,15,9/05/2001,1/05/2002,1/03/2004,5/03/2004,11/03/2006,11/03/2013,24/12/2015,24/02/2017,27/02/2017,7/04/2020,6/03/2022,4/02/2024,25/01/2027,27/01/2029,1/01/2031,,,,27728.21,43746.26,48392.79,46069.52,49152.95,6107,WA,Western Australia,Western,Australia,2001,10,11,High Priority Level 2,Double Size,G6R220,Product Returned with Additional Contribution,Complete
,XXX3602734XXX,  Regina  ,GF-L-68,HQ.5005.AAW,4,30/09/2016,2/10/2019,13/11/2022,21/08/2024,,,,,,,,,,,,,,,,,,,,2444,NSW,New South Wales,Eastern,Australia,2004,8,14,High Priority Level 2,Long Block,G6R996,Incomplete Resolution,Complete
13260.89324,XXX6183521XXX,  Kevin,MY-L-12,BQ.5005.AAO,13,14/06/2004,28/04/2006,29/04/2006,6/05/2006,14/05/2006,30/05/2006,18/06/2006,9/04/2016,8/06/2016,27/06/2016,1/03/2021,20/02/2022,29/05/2026,,,,,,,,,,,6418,WA,Western Australia,Western,Australia,2019,11,15,Standard Inquiry,5 Door Adjusted,M2R736,Product Replaced Like-for-Like,Complete
-226.4161332,XXX7774316XXX,  Danielle  ,GF-L-676,XQ.5005.AAY,3,11/06/2001,9/08/2004,6/05/2030,,,,,,,,,,,,,,,,,,,,,2213,NSW,New South Wales,Eastern,Australia,2022,2,19,Short Term,Double Size,G6R220,Product Replaced Like-for-Like,Awaiting Response
